-- phpMyAdmin SQL Dump
-- version 5.0.4
-- https://www.phpmyadmin.net/
--
-- Host: leedavidsoncontentmanagementsystem1.com.mysql.service.one.com:3306
-- Generation Time: Oct 25, 2020 at 08:46 PM
-- Server version: 10.3.25-MariaDB-1:10.3.25+maria~focal
-- PHP Version: 7.4.3

SET SQL_MODE = "NO_AUTO_VALUE_ON_ZERO";
START TRANSACTION;
SET time_zone = "+00:00";


/*!40101 SET @OLD_CHARACTER_SET_CLIENT=@@CHARACTER_SET_CLIENT */;
/*!40101 SET @OLD_CHARACTER_SET_RESULTS=@@CHARACTER_SET_RESULTS */;
/*!40101 SET @OLD_COLLATION_CONNECTION=@@COLLATION_CONNECTION */;
/*!40101 SET NAMES utf8mb4 */;

--
-- Database: `laravel_stores`
--
CREATE DATABASE IF NOT EXISTS `laravel_stores` DEFAULT CHARACTER SET utf8 COLLATE utf8_general_ci;
USE `laravel_stores`;

-- --------------------------------------------------------

--
-- Table structure for table `addresses`
--

CREATE TABLE IF NOT EXISTS `addresses` (
  `id` int(10) UNSIGNED NOT NULL,
  `address_line_1` varchar(191) COLLATE utf8mb4_unicode_ci NOT NULL,
  `address_line_2` varchar(191) COLLATE utf8mb4_unicode_ci DEFAULT NULL,
  `address_line_3` varchar(191) COLLATE utf8mb4_unicode_ci DEFAULT NULL,
  `city` varchar(191) COLLATE utf8mb4_unicode_ci NOT NULL,
  `county` varchar(191) COLLATE utf8mb4_unicode_ci NOT NULL,
  `country` varchar(191) COLLATE utf8mb4_unicode_ci NOT NULL,
  `postcode` varchar(191) COLLATE utf8mb4_unicode_ci NOT NULL,
  `created_at` timestamp NULL DEFAULT NULL,
  `updated_at` timestamp NULL DEFAULT NULL
) ENGINE=InnoDB DEFAULT CHARSET=utf8mb4 COLLATE=utf8mb4_unicode_ci;

--
-- Dumping data for table `addresses`
--

INSERT INTO `addresses` (`id`, `address_line_1`, `address_line_2`, `address_line_3`, `city`, `county`, `country`, `postcode`, `created_at`, `updated_at`) VALUES
(1, 'Debenhams Retail plc', 'The Square', 'Tallaght', 'Dublin', 'Dublin', 'Republic of Ireland', 'D24 YFT9', NULL, NULL),
(2, 'Debenhams Retail plc', '41-44 Blue Boar Row', '', 'Salisbury', 'Wiltshire', 'United Kingdom', 'SP1 1DE', NULL, NULL),
(3, 'Debenhams Retail plc', '13-15 Kingsmead Centre', '', 'Farnborough', 'Hampshire', 'United Kingdom', 'GU14 7SJ', NULL, NULL),
(4, 'Debenhams Retail plc', '113 High Street', '', 'Eltham', 'London', 'United Kingdom', 'SE9 1TQ', NULL, NULL),
(5, 'Debenhams Retail plc', 'Market Gate Shopping Centre', '', 'Great Yarmouth', 'Great Yarmouth', 'United Kingdom', 'NR30 2BG', NULL, NULL),
(6, 'Debenhams Retail plc', '240 - 246 High Street', '', 'Chatham', 'Kent', 'United Kingdom', 'ME4 4AN', NULL, NULL),
(7, 'Debenhams Retail plc', '48 - 54 High Street', '', 'Bedford', 'Bedfordshire', 'United Kingdom', 'MK40 1SP', NULL, NULL),
(8, 'Debenhams Retail plc', '44-46 Palmerston Road', '', 'Southsea', 'Hampshire', 'United Kingdom', 'PO5 3QG', NULL, NULL),
(9, 'Debenhams Retail plc', 'The Fort Shopping Park', '20 Fort Parkway', 'Birmingham Fort', 'West Midlands', 'United Kingdom', 'B24 9FP', NULL, NULL),
(10, 'Debenhams Retail plc', 'The Square 763 Barrhead Road', '', 'Silverburn', 'Silverburn', 'United Kingdom', 'G53 6AG', NULL, NULL),
(11, 'Debenhams Retail plc', '40 Four Seasons Centre', '', 'Mansfield', 'Nottinghamshire', 'United Kingdom', 'NG18 1SX', NULL, NULL),
(12, 'Debenhams Retail plc', 'Bridge Street', '', 'Nuneaton', 'Warwickshire', 'United Kingdom', 'CV11 4DY', NULL, NULL),
(13, 'Debenhams Retail plc', '12-15 High Street', '', 'Winchester', 'Hampshire', 'United Kingdom', 'SO23 9LA', NULL, NULL),
(14, 'Debenhams Retail plc', '17 The Old Square', '', 'Walsall', 'West Midlands', 'United Kingdom', 'WS1 1QA', NULL, NULL),
(15, 'Debenhams Retail plc', '7 Marriotts Walk', '', 'Witney', 'Oxfordshire', 'United Kingdom', 'OX28 6GW', NULL, NULL),
(16, 'Debenhams Retail plc', 'Washington Square Shopping Centre', '4 Risman Place', 'Workington', 'Workington', 'United Kingdom', 'CA14 3DU', NULL, NULL),
(17, 'Debenhams Retail plc', '74-76  New Road', '', 'Gravesend', 'Kent', 'United Kingdom', 'DA11 0AF', NULL, NULL),
(18, 'Debenhams Retail plc', '10-16 High Street', '', 'Kings Lynn', 'Norfolk', 'United Kingdom', 'PE30 1BZ', NULL, NULL),
(19, 'Debenhams Retail plc', 'Kingfisher Shopping Centre', '19 Walford Walk', 'Redditch', 'Redditch', 'United Kingdom', 'B97 4HJ', NULL, NULL),
(20, 'Debenhams Retail plc', '34 Culver Street West', '', 'Colchester', 'Essex', 'United Kingdom', 'CO1 1JG', NULL, NULL),
(21, 'Debenhams Retail plc', '48-66 Sandgate Road', '', 'Folkestone', 'Kent', 'United Kingdom', 'CT20 1DN', NULL, NULL),
(22, 'Debenhams Retail plc', 'The Drapery', '', 'Northampton', 'Northants', 'United Kingdom', 'NN1 2EZ', NULL, NULL),
(23, 'Debenhams Retail plc', 'Unit 9-10 The Spindles Shopping Centre', 'George Street', 'Oldham', 'Lancashire', 'United Kingdom', 'OL1 1HE', NULL, NULL),
(24, 'Debenhams Retail plc', 'Princes Street', '', 'Stockport', 'Cheshire', 'United Kingdom', 'SK1 1TS', NULL, NULL),
(25, 'Debenhams Retail plc', '69 High Street', '', 'Worcester', 'Worcestershire', 'United Kingdom', 'WR1 2EN', NULL, NULL),
(26, 'Debenhams Retail plc', 'Waterloo House', 'Westgate Street', 'Ipswich', 'Suffolk', 'United Kingdom', 'IP1 3EH', NULL, NULL),
(27, 'Debenhams Retail plc', '3-4 Wood Street', '', 'Stratford-Upon-Avon', 'Warwickshire', 'United Kingdom', 'CV37 6JB', NULL, NULL),
(28, 'Debenhams Retail plc', 'The Corner', '1 Newport Road', 'Middlesbrough', 'Middlesbrough', 'United Kingdom', 'TS1 1LE', NULL, NULL),
(29, 'Debenhams Retail plc', 'Orford Place', '', 'Norwich', 'Norfolk', 'United Kingdom', 'NR1 3RZ', NULL, NULL),
(30, 'Debenhams Retail plc', '134 - 142 Commercial Road', '', 'Portsmouth', 'Hants', 'United Kingdom', 'PO1 1ET', NULL, NULL),
(31, 'Debenhams Retail plc', 'Brunswick Shopping Centre', 'Vernon Road', 'Scarborough', 'North Yorkshire', 'United Kingdom', 'YO11 1UE', NULL, NULL),
(32, 'Debenhams Retail plc', 'Slingfield Mill', 'Weavers Wharf', 'Kidderminster', 'Kidderminster', 'United Kingdom', 'DY10 1AA', NULL, NULL),
(33, 'Debenhams Retail plc', '1 St Mark Street', '', 'Lincoln', 'Lincolnshire', 'United Kingdom', 'LN5 7TP', NULL, NULL),
(34, 'Debenhams Retail plc', 'Westfield Derby', '5 Traffic Street', 'Derby', 'Derby', 'United Kingdom', 'DE1 2NL', NULL, NULL),
(35, 'Debenhams Retail plc', 'ARC Shopping Centre', '36 Charter Square', 'Bury St Edmunds', 'Suffolk', 'United Kingdom', 'IP33 3AA', NULL, NULL),
(36, 'Debenhams Retail plc', 'West Orchard Shopping Centre', 'Smithford Way', 'Coventry', 'Warwickshire', 'United Kingdom', 'CV1 1QL', NULL, NULL),
(37, 'Debenhams Retail plc', '27 High Street', '', 'Chelmsford', 'Essex', 'United Kingdom', 'CM1 1DA', NULL, NULL),
(38, 'Debenhams Retail plc', 'North Central Square', 'Frenchgate Centre', 'Doncaster', 'Doncaster', 'United Kingdom', 'DN1 1LH', NULL, NULL),
(39, 'Debenhams Retail plc', '3 St Johns Square', '', 'Bury', 'Greater Manchester', 'United Kingdom', 'BL9 0JL', NULL, NULL),
(40, 'Debenhams Retail plc', 'Stall number L2-225, ESTANCIA at CAPITOL COMMONS, Meralco Avenue', 'Manila', 'Philippines', '', 'PH', '', NULL, NULL),
(41, 'Debenhams Retail plc', '13-15 The Strand', '', 'Torquay', 'Devon', 'United Kingdom', 'TQ1 2AG', NULL, NULL),
(42, 'Debenhams Retail plc', 'Market Place', '', 'Romford', 'Essex', 'United Kingdom', 'RM1 3ET', NULL, NULL),
(43, 'Debenhams Retail plc', 'Castle Quay Shopping Centre', 'Bridge Street', 'Banbury', 'Oxon', 'United Kingdom', 'OX16 5UP', NULL, NULL),
(44, 'Debenhams Retail plc', 'The Parade', '', 'Swindon', 'Wiltshire', 'United Kingdom', 'SN1 1BB', NULL, NULL),
(45, 'Debenhams Retail plc', '19-26 North Street', '', 'Taunton', 'Somerset', 'United Kingdom', 'TA1 1LL', NULL, NULL),
(46, 'Debenhams Retail plc', 'Lemon Quay', '', 'Truro', 'Cornwall', 'United Kingdom', 'TR1 2LW', NULL, NULL),
(47, 'Debenhams Retail plc', '14-20 South Street', '', 'Worthing', 'West Sussex', 'United Kingdom', 'BN11 3AA', NULL, NULL),
(48, 'Debenhams Retail plc', 'The Square', '', 'Bournemouth', 'Dorset', 'United Kingdom', 'BH2 5LY', NULL, NULL),
(49, 'Debenhams Retail plc', '9 Bedford Street', '', 'Exeter', 'Devon', 'United Kingdom', 'EX1 1GG', NULL, NULL),
(50, 'Debenhams Retail plc', 'Prospect Street', '', 'Hull', 'East Yorkshire', 'United Kingdom', 'HU2 8PQ', NULL, NULL),
(51, 'Debenhams Retail plc', '152-170 Terminus Road', '', 'Eastbourne', 'East Sussex', 'United Kingdom', 'BN21 3AP', NULL, NULL),
(52, 'Debenhams Retail plc', '1-3 Robertson Street', '', 'Hastings', 'East Sussex', 'United Kingdom', 'TN34 1HN', NULL, NULL),
(53, 'Debenhams Retail plc', 'Royal Parade', '', 'Plymouth', 'Devon', 'United Kingdom', 'PL1 1SA', NULL, NULL),
(54, 'Debenhams Retail plc', 'Telford Centre', '', 'Telford', 'Shropshire', 'United Kingdom', 'TF3 4DA', NULL, NULL),
(55, 'Debenhams Retail plc', 'The Eastgate Centre', '', 'Basildon', 'Essex', 'United Kingdom', 'SS14 1AE', NULL, NULL),
(56, 'Debenhams Retail plc', 'The Moor', '', 'Sheffield', 'South Yorkshire', 'United Kingdom', 'S1 3LR', NULL, NULL),
(57, 'Debenhams Retail plc', '36-40 The Grafton Centre', '', 'Cambridge', 'Cambridgeshire', 'United Kingdom', 'CB1 1PS', NULL, NULL),
(58, 'Debenhams Retail plc', 'The Highcross Shopping Centre', '20 St Peters Lane', 'Leicester', 'Leicester', 'United Kingdom', 'LE1 4GH', NULL, NULL),
(59, 'Debenhams Retail plc', 'Trinity Centre', '155 Union Street', 'Aberdeen', 'Aberdeen', 'United Kingdom', 'AB11 6BD', NULL, NULL),
(60, 'Debenhams Retail plc', '149 High Street', '', 'Stockton-On-Tees', 'Teesside', 'United Kingdom', 'TS18 1PL', NULL, NULL),
(61, 'Debenhams Retail plc', '22-30 Parliament Street', '', 'Harrogate', 'North Yorkshire', 'United Kingdom', 'HG1 2RQ', NULL, NULL),
(62, 'Debenhams Retail plc', '6-14 Davygate', '', 'York', 'Yorkshire', 'United Kingdom', 'YO1 8RJ', NULL, NULL),
(63, 'Debenhams Retail plc', 'Unit 106', 'Elwick Road', 'Ashford', 'Ashford', 'United Kingdom', 'TN23 1AE', NULL, NULL),
(64, 'Debenhams Retail plc', '25-31 George Street', '', 'Altrincham', 'Cheshire', 'United Kingdom', 'WA14 1RJ', NULL, NULL),
(65, 'Debenhams Retail plc', 'Northgate', '', 'Blackburn', 'Lancashire', 'United Kingdom', 'BB2 1NP', NULL, NULL),
(66, 'Debenhams Retail plc', 'Guildhall Street', '', 'Canterbury', 'Kent', 'United Kingdom', 'CT1 2JG', NULL, NULL),
(67, 'Debenhams Retail plc', 'Unit 47  The Mall', 'Golden Square Shopping Centre', 'Warrington', 'Cheshire', 'United Kingdom', 'WA1 1QP', NULL, NULL),
(68, 'Debenhams Retail plc', 'Fishergate Centre', '', 'Preston', 'Lancashire', 'United Kingdom', 'PR1 8HL', NULL, NULL),
(69, 'Debenhams Retail plc', '56-80 The Mall', '', 'Luton', 'Bedfordshire', 'United Kingdom', 'LU1 2SZ', NULL, NULL),
(70, 'Debenhams Retail plc', 'Russell Place', '95 - 99 Churchill Square', 'Brighton', 'Brighton', 'United Kingdom', 'BN1 2TE', NULL, NULL),
(71, 'Debenhams Retail plc', '26 St Andrews Way', '', 'Newcastle', 'Newcastle', 'United Kingdom', 'NE1 7XD', NULL, NULL),
(72, 'Debenhams Retail plc', 'Long Row', '', 'Nottingham', 'Nottinghamshire', 'United Kingdom', 'NG1 2DS', NULL, NULL),
(73, 'Debenhams Retail plc', 'The Potteries Shopping Centre', '', 'Hanley', 'Stoke on Trent', 'United Kingdom', 'ST1 1LT', NULL, NULL),
(74, 'Debenhams Retail plc', 'Unit 1  Luath Walk', '', 'Ayr Central', 'Ayr', 'United Kingdom', 'KA7 1TN', NULL, NULL),
(75, 'Debenhams Retail plc', 'County Mall', '', 'Crawley', 'West Sussex', 'United Kingdom', 'RH10 1FG', NULL, NULL),
(76, 'Debenhams Retail plc', 'Riverside', '', 'Hemel Hempstead', 'Herts', 'United Kingdom', 'HP1 1BT', NULL, NULL),
(77, 'Debenhams Retail plc', '39 The Grand Arcade', '', 'Wigan', 'Lancashire', 'United Kingdom', 'WN1 1BH', NULL, NULL),
(78, 'Debenhams Retail plc', 'Millbrook', '', 'Guildford', 'Surrey', 'United Kingdom', 'GU1 3UU', NULL, NULL),
(79, 'Debenhams Retail plc', 'intu Uxbridge', '', 'Uxbridge', 'Middlesex', 'United Kingdom', 'UB8 1QJ', NULL, NULL),
(80, 'Debenhams Retail plc', '262 Intu Bromley', '', 'Bromley', 'Kent', 'United Kingdom', 'BR1 1DN', NULL, NULL),
(81, 'Debenhams Retail plc', '1 Eagles Meadow', '', 'Wrexham', 'Wrexham', 'United Kingdom', 'LL13 8DG', NULL, NULL),
(82, 'Debenhams Retail plc', '17 Southgate Place', '', 'Bath', 'Bath', 'United Kingdom', 'BA1 1AP', NULL, NULL),
(83, 'Debenhams Retail plc', 'Unit 9 Cyfarthfa Retail Park Swansea Road', '', 'Merthyr Tydfil', 'Merthyr Tydfil', 'United Kingdom', 'CF48 1HY', NULL, NULL),
(84, 'Debenhams Retail plc', 'Festival Place', '', 'Basingstoke', 'Hampshire', 'United Kingdom', 'RG21 7BA', NULL, NULL),
(85, 'Debenhams Retail plc', 'Unit 14 Nugent Shopping Park', 'Nugent Shopping Park', 'Orpington', 'Orpington', 'United Kingdom', 'BR5 3RP', NULL, NULL),
(86, 'Debenhams Retail plc', 'Merry Hill Centre', 'Pedmore Road', 'Merry Hill', 'West Midlands', 'United Kingdom', 'DY5 1QU', NULL, NULL),
(87, 'Debenhams Retail plc', 'The Howgate Shopping Centre', 'High Street', 'Falkirk', 'Falkirk', 'United Kingdom', 'FK1 1HG', NULL, NULL),
(88, 'Debenhams Retail plc', 'Portland Walk', '', 'Barrow in Furness', 'Cumbria', 'United Kingdom', 'LA14 1DB', NULL, NULL),
(89, 'Debenhams Retail plc', '116 - 128 High Street', '', 'Perth', 'Scotland', 'United Kingdom', 'PH1 5UL', NULL, NULL),
(90, 'Debenhams Retail plc', '34-40 Eastgate Row', '', 'Chester', 'Cheshire', 'United Kingdom', 'CH1 1LF', NULL, NULL),
(91, 'Debenhams Retail plc', '535-563 Lord Street', '', 'Southport', 'Merseyside', 'United Kingdom', 'PR9 0BB', NULL, NULL),
(92, 'Debenhams Retail plc', 'Waterloo Square', '', 'South Shields', 'Tyne & Wear', 'United Kingdom', 'NE33 1AX', NULL, NULL),
(93, 'Debenhams Retail plc', 'Knowsley Street', 'The Market Place', 'Bolton', 'Lancashire', 'United Kingdom', 'BL1 2DU', NULL, NULL),
(94, 'Debenhams Retail plc', 'Kings Walk Shopping Centre', '6 Kings Square', 'Gloucester', 'Gloucester', 'United Kingdom', 'GL1 1RP', NULL, NULL),
(95, 'Debenhams Retail plc', '115 - 161 High Street', '', 'Slough', 'Slough', 'United Kingdom', 'SL1 1DN', NULL, NULL),
(96, 'Debenhams Retail plc', 'The Royals', '', 'Southend', 'Essex', 'United Kingdom', 'SS1 1DF', NULL, NULL),
(97, 'Debenhams Retail plc', 'The Bridges Shopping Centre', '', 'Sunderland', 'Sunderland', 'United Kingdom', 'SR1 3LB', NULL, NULL),
(98, 'Debenhams Retail plc', '10 New Bond Street', '', 'Weymouth', 'Dorset', 'United Kingdom', 'DT4 8LY', NULL, NULL),
(99, 'Debenhams Retail plc', '52 The Heart', '', 'Walton on Thames', 'Surrey', 'United Kingdom', 'KT12 1GH', NULL, NULL),
(100, 'Debenhams Retail plc', 'St Catherines Walk', '', 'Carmarthen', 'Carmarthen', 'United Kingdom', 'SA31 1GA', NULL, NULL),
(101, 'Debenhams Retail plc', '15 East Tower Street', 'The Lanes Shopping Centre', 'Carlisle', 'Carlisle', 'United Kingdom', 'CA3 8NR', NULL, NULL),
(102, 'Debenhams Retail plc', 'Menai Centre', '', 'Bangor', 'Gwynedd', 'United Kingdom', 'LL57 1DX', NULL, NULL),
(103, 'Debenhams Retail plc', 'Kingsgate Shopping Centre', '', 'Dunfermline', 'Dunfermline', 'United Kingdom', 'KY12 7QA', NULL, NULL),
(104, 'Debenhams Retail plc', '37-45 High Street', '', 'Staines', 'Middlesex', 'United Kingdom', 'TW18 4QU', NULL, NULL),
(105, 'Debenhams Retail plc', 'Unit 4 Hounds Hill Shopping Centre', 'Winifred Street  off Albert Road', 'Blackpool', 'Blackpool', 'United Kingdom', 'FY1 4HU', NULL, NULL),
(106, 'Debenhams Retail plc', '1-5 St. James Barton', '', 'Bristol', 'Avon', 'United Kingdom', 'BS1 3LT', NULL, NULL),
(107, 'Debenhams Retail plc', 'Queens Buildings', '', 'Southampton', 'Hampshire', 'United Kingdom', 'SO14 1NH', NULL, NULL),
(108, 'Debenhams Retail plc', 'St. Nicholas Centre', '', 'Sutton', 'Surrey', 'United Kingdom', 'SM1 1WA', NULL, NULL),
(109, 'Debenhams Retail plc', 'The Peacocks Centre', '', 'Woking', 'Surrey', 'United Kingdom', 'GU21 6GE', NULL, NULL),
(110, 'Debenhams Retail plc', 'Magdalen Street', '', 'Oxford', 'Oxford', 'United Kingdom', 'OX1 3AA', NULL, NULL),
(111, 'Debenhams Retail plc', '22 The Quadrant', '', 'Swansea', 'West Glamorgan', 'United Kingdom', 'SA1 3QX', NULL, NULL),
(112, 'Debenhams Retail plc', '26 Stonehills', '', 'Welwyn Garden City', 'Welwyn Garden City', 'United Kingdom', 'AL8 6NA', NULL, NULL),
(113, 'Debenhams Retail plc', 'The Mall', '', 'Ilford', 'Ilford', 'United Kingdom', 'IG1 1RR', NULL, NULL),
(114, 'Debenhams Retail plc', 'Station Road', '', 'Harrow', 'Middlesex', 'United Kingdom', 'HA1 1NA', NULL, NULL),
(115, 'Debenhams Retail plc', '27 The Treaty Centre', '', 'Hounslow', 'Middlesex', 'United Kingdom', 'TW3 1EQ', NULL, NULL),
(116, 'Debenhams Retail plc', '121 Briggate', '', 'Leeds', 'West Yorkshire', 'United Kingdom', 'LS1 6LX', NULL, NULL),
(117, 'Debenhams Retail plc', '315 Lavender Hill', '', 'Clapham', 'London', 'United Kingdom', 'SW11 1QL', NULL, NULL),
(118, 'Debenhams Retail plc', 'Centre Court Shopping Centre', '4 Queens Road', 'Wimbledon', 'London', 'United Kingdom', 'SW19 8YD', NULL, NULL),
(119, 'Debenhams Retail plc', 'Westwood Cross', '', 'Broadstairs', 'Kent', 'United Kingdom', 'CT10 2BF', NULL, NULL),
(120, 'Debenhams Retail plc', '46-50 St Davids Way', '', 'Cardiff', 'South Glamorgan', 'United Kingdom', 'CF10 2UF', NULL, NULL),
(121, 'Debenhams Retail plc', 'Unit 7B Parc Trostre', '', 'Llanelli', 'Dyfed', 'United Kingdom', 'SA14 9UY', NULL, NULL),
(122, 'Debenhams Retail plc', 'Monks Cross Shopping', '', 'York Monks Cross', 'York', 'United Kingdom', 'YO32 9GX', NULL, NULL),
(123, 'Debenhams Retail plc', 'Unit 15', '42 Lord Street', 'Liverpool', 'Liverpool', 'United Kingdom', 'L2 1TA', NULL, NULL),
(124, 'Debenhams Retail plc', 'Meadowhall Centre', '16 Park Lane', 'Sheffield', 'South Yorkshire', 'United Kingdom', 'S9 1EL', NULL, NULL),
(125, 'Debenhams Retail plc', 'Centrale Shopping Centre', '11-31 North End', 'Croydon', 'Croydon', 'United Kingdom', 'CR9 1RQ', NULL, NULL),
(126, 'Debenhams Retail plc', 'Market Street', '', 'Manchester', 'Lancashire', 'United Kingdom', 'M60 1TA', NULL, NULL),
(127, 'Debenhams Retail plc', '38 Midsummer Place', '', 'Milton Keynes', 'Milton Keynes', 'United Kingdom', 'MK9 3GA', NULL, NULL),
(128, 'Debenhams Retail plc', 'Units 1- 3 Llandudno Retail Park', 'Mostyn Broadway', 'Llandudno', 'Conwy', 'United Kingdom', 'LL30 1PJ', NULL, NULL),
(129, 'Debenhams Retail plc', 'The Oracle', '', 'Reading', 'Berkshire', 'United Kingdom', 'RG1 2AT', NULL, NULL),
(130, 'Debenhams Retail plc', 'Upper Mall West', 'Bullring', 'Birmingham', 'Birmingham', 'United Kingdom', 'B5 4BL', NULL, NULL),
(131, 'Debenhams Retail plc', 'MetroCentre', '9 Redpath Way', 'Gateshead', 'Gateshead', 'United Kingdom', 'NE11 9HX', NULL, NULL),
(132, 'Debenhams Retail plc', 'White Rose Shopping Centre', 'Dewsbury Road', 'Leeds', 'West Yorkshire', 'United Kingdom', 'LS11 8LT', NULL, NULL),
(133, 'Debenhams Retail plc', 'Lakeside Shopping Centre', '', 'Lakeside', 'Essex', 'United Kingdom', 'RM20 2ZQ', NULL, NULL),
(134, 'Debenhams Retail plc', '17-21 Thistle Centre', '', 'Stirling', 'Stirlingshire', 'United Kingdom', 'FK8 2EE', NULL, NULL),
(135, 'Debenhams Retail plc', 'Overgate', '', 'Dundee', 'Tayside', 'United Kingdom', 'DD1 1UE', NULL, NULL),
(136, 'Debenhams Retail plc', 'Eastgate Centre', '2 Milburn Road', 'Inverness', 'Inverness', 'United Kingdom', 'IV2 3PP', NULL, NULL),
(137, 'Debenhams Retail plc', 'Centre West', 'Cornwall Street', 'East Kilbride', 'East Kilbride', 'United Kingdom', 'G74 1LL', NULL, NULL),
(138, 'Debenhams Retail plc', 'Almondvale Shopping Centre', '87 Almondvale South', 'Livingston', 'West Lothian', 'United Kingdom', 'EH54 6HT', NULL, NULL),
(139, 'Debenhams Retail plc', '97 Argyle Street', '', 'Glasgow', 'Strathclyde', 'United Kingdom', 'G2 8AR', NULL, NULL),
(140, 'Debenhams Retail plc', '109 Princes Street', '', 'Edinburgh', 'Lothian', 'United Kingdom', 'EH2 3AA', NULL, NULL),
(141, 'Debenhams Retail plc', '1 - 4 Eyre Street', '', 'Galway', 'Galway', 'Republic of Ireland', 'H91 HXF8', NULL, NULL),
(142, 'Debenhams Retail plc', 'Ocean Terminal Shopping Centre', 'Ocean Drive', 'Leith', 'Leith', 'United Kingdom', 'EH6 6JJ', NULL, NULL),
(143, 'Debenhams Retail plc', '54 - 62 Henry Street', '', 'Dublin 1', 'Dublin', 'Republic of Ireland', 'D01 A3T6', NULL, NULL),
(144, 'Debenhams Retail plc', 'Whitewater Shopping Centre', 'Main Street', 'Newbridge', 'Co Kildare', 'Republic of Ireland', 'W12 P584', NULL, NULL),
(145, 'Debenhams Retail plc', 'The Blanchardstown Centre', 'Blanchardstown', 'Dublin 15', 'Dublin', 'Republic of Ireland', 'D15 E0P0', NULL, NULL),
(146, 'Debenhams Retail plc', 'Mahon Point Shopping Centre', '', 'Cork', 'Cork - Mahon Point', 'Republic of Ireland', 'T12 F087', NULL, NULL),
(147, 'Debenhams Retail plc', '165-171 High Street', '', 'Kirkcaldy', 'Fife', 'United Kingdom', 'KY1 1JA', NULL, NULL),
(148, 'Debenhams Retail plc', '134 - 135 O\'Connell Street', '', 'Limerick', 'Limerick', 'Republic of Ireland', 'V94 D2F9', NULL, NULL),
(149, 'Debenhams Retail plc', '334-348 Oxford Street', '', 'London', 'London', 'United Kingdom', 'W1C 1JG', NULL, NULL),
(150, 'Debenhams Retail plc', 'Westfield Shopping Centre', 'Ariel Way', 'London', 'London', 'United Kingdom', 'W12 7GA', NULL, NULL),
(151, 'Debenhams Retail plc', 'The Trafford Centre', '1 Regents Crescent', 'Manchester', 'Manchester', 'United Kingdom', 'M17 8AB', NULL, NULL),
(152, 'Debenhams Retail plc', 'City Square Shopping Centre', 'Peter Street', 'Waterford', 'Waterford', 'Republic of Ireland', 'X91 H68K', NULL, NULL),
(153, 'Debenhams Retail plc', 'Frascati Shopping Centre', 'Frascati Road', 'Blackrock', 'Dublin', 'Republic of Ireland', 'A94 C1H3', NULL, NULL),
(154, 'Debenhams Retail plc', '12 - 17 Patrick Street', '', 'Cork', 'Cork', 'Republic of Ireland', 'T12 E6XN', NULL, NULL),
(155, 'Debenhams Retail plc', 'Manor West Retail Park', '', 'Tralee', 'Co. Kerry', 'Republic of Ireland', 'V92 A39A', NULL, NULL),
(156, 'Debenhams Retail plc', 'Fairhill Shopping Centre', '', 'Ballymena', 'County Antrim', 'United Kingdom', 'BT43 6UF', NULL, NULL),
(157, 'Debenhams Retail plc', 'The Foyleside Centre', 'Foyle Street', 'Foyleside', 'Northern Ireland', 'United Kingdom', 'BT48 6AP', NULL, NULL),
(158, 'Debenhams Retail plc', 'Unit 34 Castle Court', 'Royal Avenue', 'Belfast', 'Belfast', 'United Kingdom', 'BT1 1DD', NULL, NULL),
(159, 'Debenhams Retail plc', 'The Quays Shopping & Leisure Centre', '', 'Newry', 'Co Down', 'United Kingdom', 'BT35 8QS', NULL, NULL),
(160, 'Debenhams Retail plc', 'Rushmere Shopping Centre', 'Central Way', 'Rushmere', 'Craigavon', 'United Kingdom', 'BT64 1AA', NULL, NULL),
(161, 'Debenhams Retail plc', '45-49 Osborn Square', 'Fareham', 'Fareham', 'Hampshire,', 'United Kingdom', 'PO16 0PN', NULL, NULL),
(162, 'Debenhams Retail plc', 'Trinity Walk Shopping Centre', 'Wakefield', 'Wakefield', 'West Yorkshire', 'United Kingdom', 'WF1 1QU', NULL, NULL),
(163, 'Debenhams Retail plc', '53 Parkway Shopping Centre', '', 'Newbury', 'Newbury', 'United Kingdom', 'RG14 1AY', NULL, NULL),
(164, 'Debenhams Retail plc', 'Dalma Mall', 'Mussafah', 'Abu Dhabi', '.', 'AE', '.', NULL, NULL),
(165, 'Debenhams Retail plc', 'Jl Pangeran Antasari No 36, GF – 2nd Floor', 'Kemang', 'Selatan', 'Jakarta', 'ID', '12150', NULL, NULL),
(166, 'Debenhams Retail plc', '3rd level, Indulgences, Shangri-La Plaza Mall', 'EDSA cor. Shaw Blvd.', 'Mandaluyong City', 'Philippines', 'PH', '', NULL, NULL),
(167, 'Debenhams Retail plc', 'Kotelniki, 1st Pokrovsky Proezd 5', 'Mega Belaya Dacha', 'Moscow', 'Moscow', 'RU', '140055', NULL, NULL),
(168, 'Debenhams Retail plc', '179-185 High Street', '', 'Dumfries', 'Dumfries and Galloway', 'United Kingdom', 'DG1 2QT', NULL, NULL),
(169, 'Debenhams Retail plc', 'Ravenside Retail Park', 'Parkside Road', 'Chesterfield', 'Chesterfield', 'United Kingdom', 'S40 1TB', NULL, NULL),
(170, 'Debenhams Retail plc', '1&1A Coliseum Shopping Centre', 'Cheshire Oaks', 'Ellesmere Port', 'Cheshire', 'United Kingdom', 'CH65 9HD', NULL, NULL),
(171, 'Debenhams Retail plc', 'Debenhams, 66 str. Teryan', 'Yerevan', 'Armenia, 00374', '', '', '', NULL, NULL),
(172, 'Debenhams Retail plc', 'Rabwa,', 'Eastern Ring Road,', 'Exit 14 - Riyadh, P.O. Box 41700,  Riyadh, 11531', '.', '.', '.', NULL, NULL),
(173, 'Debenhams Retail plc', '', '', '', '', '', '', NULL, NULL),
(174, 'Debenhams Retail plc', 'Unit 1 Paseo de Sta', 'Sta Rosa Laguna', 'Philippines', 'Philippines', 'PH', '', NULL, NULL),
(175, 'Debenhams Retail plc', 'Satarkhan St.,', 'Sangi Sq', 'Shiraz', 'Iran', 'IR', '.', NULL, NULL),
(176, 'Debenhams Retail plc', 'Unit 1 Auction Walk', 'The Old Market', 'Hereford', 'Hereford', 'United Kingdom', 'HR4 9HT', NULL, NULL),
(177, 'Debenhams Retail plc', 'Spice Mall', 'Lielirbes street 29', 'Riga', '', 'LV', 'LV1046', NULL, NULL),
(178, 'Debenhams Retail plc', 'Debenhams, Starhill Gallery 181,', 'Jalan Bukit Bintang,', '55100 Kuala Lumpur', 'Kuala Lumpur', 'MY', '', NULL, NULL),
(179, 'Debenhams Retail plc', 'Level +2,', 'Main Street Complex,', 'Antoine de Paule Square,', 'Paola, PLA 1262', 'KS', '', NULL, NULL),
(180, 'Debenhams Retail plc', 'Bulgaria Mall', '68 Bulgaria Blvrd', 'Manastirski Livadi', 'Sofia, Bulgaria', 'BG', '', NULL, NULL),
(181, 'Debenhams Retail plc', 'Three Spire Shopping Center', '46 Bakers Lane', 'Lichfield', 'Staffordshire', 'United Kingdom', 'WS13 6JF', NULL, NULL),
(182, 'Debenhams Retail plc', 'Departure Level', 'Kuwait International Airport', 'Kuwait', '', 'KW', '', NULL, NULL),
(183, 'Debenhams Retail plc', '7-9 October 28th Av', '2414, Engomi', 'Nicosia', 'Cyprus', 'CY', '.', NULL, NULL),
(184, 'Debenhams Retail plc', '2 Arch, Makarios III Avenue & Petrou Tsirou', 'P.O.B. 56366, 3606 LIMASSOL', '3606 LIMASSOL', 'Cyprus', '.', 'CY', NULL, NULL),
(185, 'Debenhams Retail plc', 'Arch Makarios', 'II Avenue P.O.B. 22273,', '1584 NICOSIA', 'Cyprus', 'CY', '.', NULL, NULL),
(186, 'Debenhams Retail plc', '1 Ledas Street', 'Kato Paphos, P.O.B. 60315', '8041 PAPHOS', 'Cyprus', 'CY', '', NULL, NULL),
(187, 'Debenhams Retail plc', '2 Demokratias Avenue', '8028 PAPHOS', '.', 'Cyprus', 'CY', '.', NULL, NULL),
(188, 'Debenhams Retail plc', 'Debenhams, Mall Of Cyprus', 'Verginas 3, 2025 Strovolos', 'Nicosia', 'Cyprus', 'CY', '.', NULL, NULL),
(189, 'Debenhams Retail plc', '369, 28 October', 'Avenue P.O.B 56366', '3306 LIMASSOL', '.', 'CY', '', NULL, NULL),
(190, 'Debenhams Retail plc', '7-9 Ypsipilis', 'Stratigou Timagia, P.O.B. 40914', '6308 LARNAKA', '.', 'CY', '.', NULL, NULL),
(191, 'Debenhams Retail plc', 'Shop Ass 3A, Othaim Mall', 'Prince Mohammed Bin Fahd Road, Abdullah Fuad', 'Dammam', '', 'SA', '', NULL, NULL),
(192, 'Debenhams Retail plc', 'Shop 68, Bahrain City Centre, Building No. 2758', 'Road 4650, Manama Seafront 346', 'Bahrain', '', 'BH', '', NULL, NULL),
(193, 'Debenhams Retail plc', 'Debenhams, City Center Shopping Mall,', 'Alexandria', 'Egypt', '', '', '', NULL, NULL),
(194, 'Debenhams Retail plc', 'Hagashari 1', '201 Kopavogur,  Reykjavik', 'Iceland', '', '', '', NULL, NULL),
(195, 'Debenhams Retail plc', 'Yas Mall', 'Yas Island', 'Abu Dhabi', '', 'UA', '', NULL, NULL),
(196, 'Debenhams Retail plc', 'Jl. Asia Afrika Lot.', '19, Jakarta 10270', 'Indonesia', '', 'ID', '', NULL, NULL),
(197, 'Debenhams Retail plc', 'Debenhams, building no 162', 'between 8th &10th St. Ahmad Abad Ave', 'Mashhad, Iran', '.', '.', '.', NULL, NULL),
(198, 'Debenhams Retail plc', 'No 2705 opp Jame Jam, between Taheri and Parvin', 'Vali Asr St', 'Tehran,Iran', '.', '.', '.', NULL, NULL),
(199, 'Debenhams Retail plc', 'No 286, Mirdamad Street', 'Tehran', 'Iran', '.', '.', '.', NULL, NULL),
(200, 'Debenhams Retail plc', 'Alshaya International Co. Psc Limited,', 'P.O Box 840021 - Amman 11181, Jordan Specialized Investment Compounds', 'Al Tagamoat Industrial City, Amman 11191', 'Jordan', 'JO', '', NULL, NULL),
(201, 'Debenhams Retail plc', 'The Avenues Mall', 'Al Rai Area', 'Kuwait', '', '', '', NULL, NULL),
(202, 'Debenhams Retail plc', 'Souq Sharq', 'Gulf Road', 'Kuwait', '', 'KW', '', NULL, NULL),
(203, 'Debenhams Retail plc', 'Lot 125 1st Floor, The Curve, No 6 Jalan PJU 7/3,', 'Mutiara Damansara, 47810, Petaling Jaya', 'Malaysia', '', 'MY', '', NULL, NULL),
(204, 'Debenhams Retail plc', 'Debenhams, The Point', 'Tigne Point, TP 01', 'Malta', '', '', '', NULL, NULL),
(205, 'Debenhams Retail plc', 'Level 3 Rustan\'s Makati', 'Ayala Avenue, Makati, 1224,', 'Philippines', '', 'PH', '', NULL, NULL),
(206, 'Debenhams Retail plc', 'M2 level. Trinoma, EDSA corner North Avenue', 'Quezon City, Manila 1105', 'Philippines', '', '', '', NULL, NULL),
(207, 'Debenhams Retail plc', 'Debenhams, Ground Floor, Abreeza Mall,', 'Abreeza Ayala Business Park, J.P. Laurel Ave,', 'Davao City', 'Philippines', 'PH', '', NULL, NULL),
(208, 'Debenhams Retail plc', 'PO Box 2067,  City Centre Mall', 'Doha', 'Qatar', '', 'QA', '', NULL, NULL),
(209, 'Debenhams Retail plc', 'Elliott Fields Retail Park', '', 'Rugby', 'Rugby', 'United Kingdom', 'CV21 1SR', NULL, NULL),
(210, 'Debenhams Retail plc', 'Tahlia Street', 'Ben Homran Centre, Jeddah', 'Kingdom of Saudi Arabia', '', 'SA', '', NULL, NULL),
(211, 'Debenhams Retail plc', 'Mall Of Arabia', 'Alnuzha dist', 'Jeddah', 'Saudi Arabia', 'SA', '', NULL, NULL),
(212, 'Debenhams Retail plc', 'Debenhams, Bucuresti Mall', 'Calea Vitan 55-59', 'Bucuresti', '', 'RO', '', NULL, NULL),
(213, 'Debenhams Retail plc', 'Al Noor Mall', 'King Abdullah Street', 'Al Medina', '', 'SA', '', NULL, NULL),
(214, 'Debenhams Retail plc', 'Alshaya International Trading Company', 'P.O.Box 543, Riyadh 11421', 'Kingdom of Saudi Arabia', '', 'SA', '', NULL, NULL),
(215, 'Debenhams Retail plc', 'Sahara Mall, King Abdullah Prince Road', 'PO Box 803, Riyadh, 11421', 'Kingdom of Saudi Arabia', '', 'SA', '', NULL, NULL),
(216, 'Debenhams Retail plc', 'Debenhams,Riyadh Gallery, Gate No. 1', 'King Fahad Highway, Riyadh', 'Kingdom of Saudi Arabia', '', '', '', NULL, NULL),
(217, 'Debenhams Retail plc', 'Cevahir Alisveris ve Eglence Merkezi', 'No: 22 Debenhams Magaza, No: 231 Mesrutiyet Mah Sisli', 'Istanbul', '', '', '', NULL, NULL),
(218, 'Debenhams Retail plc', 'Khalidya Mall', 'Khalidya', 'Abu Dhabi, UAE', '', '', '', NULL, NULL),
(219, 'Debenhams Retail plc', 'Debenhams, KM8 Gergaresh Road', 'Tripoli', 'Libya', '', 'LY', 'KM8', NULL, NULL),
(220, 'Debenhams Retail plc', 'Palidski mnt. 102', '', 'Tallinn', 'Estonia', 'EE', '', NULL, NULL),
(221, 'Debenhams Retail plc', 'Debenhams Lot 163D-2-09, 10 & 11 Level 2', 'Gurney Paragon Mall, Persiaran Gurney 10250', 'Penang', '', 'MY', '', NULL, NULL),
(222, 'Debenhams Retail plc', 'Debenhams Leamington Spa', 'The Shires/Leamington Spa Retail Park', 'Leamington Spa', 'Warwickshire', 'United Kingdom', 'CV34 6RH', NULL, NULL),
(223, 'Debenhams Retail plc', 'Unit 7', 'Withybush Retail park', 'Haverfordwest', 'Dyfed', 'United Kingdom', 'SA61 2PY', NULL, NULL),
(224, 'Debenhams Retail plc', 'Red Sea Mall', 'King Abdulaziz Branch Road, Ash Shati District', 'Jeddah', 'Kingdom Saudi Arabia', 'SA', '', NULL, NULL),
(225, 'Debenhams Retail plc', 'Debenhams, The Dubai Mall', 'P.O BOX 1277 Deira', 'Dubai, UAE', '', '', '', NULL, NULL),
(226, 'Debenhams Retail plc', 'Deira City Centre', 'Dubai', 'United Arab Emirates', '', '', '', NULL, NULL),
(227, 'Debenhams Retail plc', 'Mall of the Emirates', 'Dubai', 'United Arab Emirates,', '', 'AE', '', NULL, NULL),
(228, 'Debenhams Retail plc', 'The Gate Mall, Plot 12, Corner of Road No. 101 and 250, Block 4', 'Egailah', 'Kuwait', '', 'KW', '', NULL, NULL),
(229, 'Debenhams Retail plc', 'Ziyagökalp Mahallesi Süleyman Demirel Bulvarı, Mall Of İstanbul 73/146 – 66/ 27', 'Mahmutbey, Başakşehir', 'İstanbul', '', 'TR', '', NULL, NULL),
(230, 'Debenhams Retail plc', 'Borehamwood Shopping Centre, Unit 2A', 'Theobald Street', 'Borehamwood', 'Herts', 'United Kingdom', 'WD6 4PR', NULL, NULL),
(231, 'Debenhams Retail plc', 'Unit 4, North Lincolnshire Shopping Park', 'Doncaster Road', 'Scunthorpe', 'Lincolnshire', 'United Kingdom', 'DN15 8JH', NULL, NULL),
(232, 'Debenhams Retail plc', 'Cairo Festival City, Al Futtaim land', 'Taha Hussein St. beside Mubarak Police Academy – fifth compound', 'Cairo', '', 'EG', '', NULL, NULL),
(233, 'Debenhams Retail plc', 'Debenhams', 'ul. Aviakonstruktora Mikoyana, 10', 'Moscow', '', 'RU', '', NULL, NULL),
(234, 'Debenhams Retail plc', '10 Garratt Lane, Southside Shopping Centre', 'Wandsworth', 'London', 'London', 'United Kingdom', 'SW18 4TF', NULL, NULL),
(235, 'Debenhams Retail plc', 'Isfahan City Center, Across Sepahan Shahr 2nd Entrance', 'Dastgerdy Hwy.', 'Isfahan', '', 'IR', '', NULL, NULL),
(236, 'Debenhams Retail plc', 'Unit 4 Flemingate centre', 'Flemingate', 'Beverley', 'East Riding, Yorks', 'United Kingdom', 'HU17 0NQ', NULL, NULL),
(237, 'Debenhams Retail plc', 'Unit 1 Charles Street Mall', 'The Broadway', 'Bradford', 'Bradford', 'United Kingdom', 'BD1 1US', NULL, NULL),
(238, 'Debenhams Retail plc', '1-7 Friars Walk Shopping Centre', 'John Frost Square', 'NEWPORT', 'Gwent', 'United Kingdom', 'NP20 1DR', NULL, NULL),
(239, 'Debenhams Retail plc', 'Bld. Timisoara, Nr.26', 'Complexul Comercial \"Plaza Romania\", Parter, Unitatea Nr.G63 A, C', 'Bucuresti', 'Sector 6', 'RO', '', NULL, NULL),
(240, 'Debenhams Retail plc', '10 Brock Street', 'Regents Place', 'London', '', 'United Kingdom', 'NW1 3FG', NULL, NULL);

-- --------------------------------------------------------

--
-- Table structure for table `cfsflags`
--
CREATE TABLE IF NOT EXISTS `cfsflags` (
  `id` int(10) UNSIGNED NOT NULL,
  `cfsFlag` varchar(191) COLLATE utf8mb4_unicode_ci NOT NULL,
  `created_at` timestamp NULL DEFAULT NULL,
  `updated_at` timestamp NULL DEFAULT NULL
) ENGINE=InnoDB DEFAULT CHARSET=utf8mb4 COLLATE=utf8mb4_unicode_ci;

--
-- Dumping data for table `cfsflags`
--

INSERT INTO `cfsflags` (`id`, `cfsFlag`, `created_at`, `updated_at`) VALUES
(1, 'Y', NULL, NULL),
(2, 'Y', NULL, NULL),
(3, 'Y', NULL, NULL),
(4, 'Y', NULL, NULL),
(5, 'Y', NULL, NULL),
(6, 'Y', NULL, NULL),
(7, 'Y', NULL, NULL),
(8, 'Y', NULL, NULL),
(9, 'Y', NULL, NULL),
(10, 'Y', NULL, NULL),
(11, 'Y', NULL, NULL),
(12, 'Y', NULL, NULL),
(13, 'Y', NULL, NULL),
(14, 'Y', NULL, NULL),
(15, 'Y', NULL, NULL),
(16, 'Y', NULL, NULL),
(17, 'Y', NULL, NULL),
(18, 'Y', NULL, NULL),
(19, 'Y', NULL, NULL),
(20, 'Y', NULL, NULL),
(21, 'Y', NULL, NULL),
(22, 'Y', NULL, NULL),
(23, 'Y', NULL, NULL),
(24, 'Y', NULL, NULL),
(25, 'Y', NULL, NULL),
(26, 'Y', NULL, NULL),
(27, 'Y', NULL, NULL),
(28, 'Y', NULL, NULL),
(29, 'Y', NULL, NULL),
(30, 'Y', NULL, NULL),
(31, 'Y', NULL, NULL),
(32, 'Y', NULL, NULL),
(33, 'Y', NULL, NULL),
(34, 'Y', NULL, NULL),
(35, 'Y', NULL, NULL),
(36, 'Y', NULL, NULL),
(37, 'Y', NULL, NULL),
(38, 'Y', NULL, NULL),
(39, 'Y', NULL, NULL),
(40, '', NULL, NULL),
(41, 'Y', NULL, NULL),
(42, 'Y', NULL, NULL),
(43, 'Y', NULL, NULL),
(44, 'Y', NULL, NULL),
(45, 'Y', NULL, NULL),
(46, 'Y', NULL, NULL),
(47, 'Y', NULL, NULL),
(48, 'Y', NULL, NULL),
(49, 'Y', NULL, NULL),
(50, 'Y', NULL, NULL),
(51, 'Y', NULL, NULL),
(52, 'Y', NULL, NULL),
(53, 'Y', NULL, NULL),
(54, 'Y', NULL, NULL),
(55, 'Y', NULL, NULL),
(56, 'Y', NULL, NULL),
(57, 'Y', NULL, NULL),
(58, 'Y', NULL, NULL),
(59, 'Y', NULL, NULL),
(60, 'Y', NULL, NULL),
(61, 'Y', NULL, NULL),
(62, 'Y', NULL, NULL),
(63, 'Y', NULL, NULL),
(64, 'Y', NULL, NULL),
(65, 'Y', NULL, NULL),
(66, 'Y', NULL, NULL),
(67, 'Y', NULL, NULL),
(68, 'Y', NULL, NULL),
(69, 'Y', NULL, NULL),
(70, 'Y', NULL, NULL),
(71, 'Y', NULL, NULL),
(72, 'Y', NULL, NULL),
(73, 'Y', NULL, NULL),
(74, 'Y', NULL, NULL),
(75, 'Y', NULL, NULL),
(76, 'Y', NULL, NULL),
(77, 'Y', NULL, NULL),
(78, 'Y', NULL, NULL),
(79, 'Y', NULL, NULL),
(80, 'Y', NULL, NULL),
(81, 'Y', NULL, NULL),
(82, 'Y', NULL, NULL),
(83, 'Y', NULL, NULL),
(84, 'Y', NULL, NULL),
(85, 'Y', NULL, NULL),
(86, 'Y', NULL, NULL),
(87, 'Y', NULL, NULL),
(88, 'Y', NULL, NULL),
(89, 'Y', NULL, NULL),
(90, 'Y', NULL, NULL),
(91, 'Y', NULL, NULL),
(92, 'Y', NULL, NULL),
(93, 'Y', NULL, NULL),
(94, 'Y', NULL, NULL),
(95, 'Y', NULL, NULL),
(96, 'Y', NULL, NULL),
(97, 'Y', NULL, NULL),
(98, 'Y', NULL, NULL),
(99, 'Y', NULL, NULL),
(100, 'Y', NULL, NULL),
(101, 'Y', NULL, NULL),
(102, 'Y', NULL, NULL),
(103, 'Y', NULL, NULL),
(104, 'Y', NULL, NULL),
(105, 'Y', NULL, NULL),
(106, 'Y', NULL, NULL),
(107, 'Y', NULL, NULL),
(108, 'Y', NULL, NULL),
(109, 'Y', NULL, NULL),
(110, 'Y', NULL, NULL),
(111, 'Y', NULL, NULL),
(112, 'Y', NULL, NULL),
(113, 'Y', NULL, NULL),
(114, 'Y', NULL, NULL),
(115, 'Y', NULL, NULL),
(116, 'Y', NULL, NULL),
(117, 'Y', NULL, NULL),
(118, 'Y', NULL, NULL),
(119, 'Y', NULL, NULL),
(120, 'Y', NULL, NULL),
(121, 'Y', NULL, NULL),
(122, 'Y', NULL, NULL),
(123, 'Y', NULL, NULL),
(124, 'Y', NULL, NULL),
(125, 'Y', NULL, NULL),
(126, 'Y', NULL, NULL),
(127, 'Y', NULL, NULL),
(128, 'Y', NULL, NULL),
(129, 'Y', NULL, NULL),
(130, 'Y', NULL, NULL),
(131, 'Y', NULL, NULL),
(132, 'Y', NULL, NULL),
(133, 'Y', NULL, NULL),
(134, 'Y', NULL, NULL),
(135, 'Y', NULL, NULL),
(136, 'Y', NULL, NULL),
(137, 'Y', NULL, NULL),
(138, 'Y', NULL, NULL),
(139, 'Y', NULL, NULL),
(140, 'Y', NULL, NULL),
(141, 'Y', NULL, NULL),
(142, 'Y', NULL, NULL),
(143, 'Y', NULL, NULL),
(144, 'Y', NULL, NULL),
(145, 'Y', NULL, NULL),
(146, 'Y', NULL, NULL),
(147, 'Y', NULL, NULL),
(148, 'Y', NULL, NULL),
(149, 'Y', NULL, NULL),
(150, 'Y', NULL, NULL),
(151, 'Y', NULL, NULL),
(152, 'Y', NULL, NULL),
(153, 'Y', NULL, NULL),
(154, 'Y', NULL, NULL),
(155, 'Y', NULL, NULL),
(156, 'Y', NULL, NULL),
(157, 'Y', NULL, NULL),
(158, 'Y', NULL, NULL),
(159, 'Y', NULL, NULL),
(160, 'Y', NULL, NULL),
(161, 'Y', NULL, NULL),
(162, 'Y', NULL, NULL),
(163, 'Y', NULL, NULL),
(164, 'N', NULL, NULL),
(165, '', NULL, NULL),
(166, '', NULL, NULL),
(167, '', NULL, NULL),
(168, 'Y', NULL, NULL),
(169, 'Y', NULL, NULL),
(170, 'Y', NULL, NULL),
(171, '', NULL, NULL),
(172, '', NULL, NULL),
(173, '', NULL, NULL),
(174, '', NULL, NULL),
(175, '.', NULL, NULL),
(176, 'Y', NULL, NULL),
(177, '', NULL, NULL),
(178, '', NULL, NULL),
(179, '', NULL, NULL),
(180, '', NULL, NULL),
(181, 'Y', NULL, NULL),
(182, '', NULL, NULL),
(183, '.', NULL, NULL),
(184, '.', NULL, NULL),
(185, '.', NULL, NULL),
(186, '.', NULL, NULL),
(187, '', NULL, NULL),
(188, '.', NULL, NULL),
(189, '.', NULL, NULL),
(190, '.', NULL, NULL),
(191, '', NULL, NULL),
(192, '', NULL, NULL),
(193, '', NULL, NULL),
(194, '', NULL, NULL),
(195, '', NULL, NULL),
(196, '', NULL, NULL),
(197, '.', NULL, NULL),
(198, '.', NULL, NULL),
(199, '.', NULL, NULL),
(200, '', NULL, NULL),
(201, '', NULL, NULL),
(202, '', NULL, NULL),
(203, '', NULL, NULL),
(204, '', NULL, NULL),
(205, '', NULL, NULL),
(206, '', NULL, NULL),
(207, '', NULL, NULL),
(208, '', NULL, NULL),
(209, 'Y', NULL, NULL),
(210, '', NULL, NULL),
(211, '', NULL, NULL),
(212, '', NULL, NULL),
(213, '', NULL, NULL),
(214, '', NULL, NULL),
(215, '', NULL, NULL),
(216, '', NULL, NULL),
(217, '', NULL, NULL),
(218, '', NULL, NULL),
(219, '', NULL, NULL),
(220, '', NULL, NULL),
(221, '', NULL, NULL),
(222, 'Y', NULL, NULL),
(223, 'Y', NULL, NULL),
(224, '', NULL, NULL),
(225, '', NULL, NULL),
(226, '', NULL, NULL),
(227, '', NULL, NULL),
(228, '', NULL, NULL),
(229, '', NULL, NULL),
(230, 'Y', NULL, NULL),
(231, 'Y', NULL, NULL),
(232, '', NULL, NULL),
(233, '', NULL, NULL),
(234, 'Y', NULL, NULL),
(235, '', NULL, NULL),
(236, 'Y', NULL, NULL),
(237, 'Y', NULL, NULL),
(238, 'Y', NULL, NULL),
(239, '', NULL, NULL),
(240, 'Y', NULL, NULL);

-- --------------------------------------------------------

--
-- Table structure for table `cfs_flags`
--

CREATE TABLE IF NOT EXISTS `cfs_flags` (
  `id` int(10) UNSIGNED NOT NULL,
  `cfsFlag` varchar(191) COLLATE utf8mb4_unicode_ci NOT NULL,
  `created_at` timestamp NULL DEFAULT NULL,
  `updated_at` timestamp NULL DEFAULT NULL
) ENGINE=InnoDB DEFAULT CHARSET=utf8mb4 COLLATE=utf8mb4_unicode_ci;

--
-- Dumping data for table `cfs_flags`
--

INSERT INTO `cfs_flags` (`id`, `cfsFlag`, `created_at`, `updated_at`) VALUES
(1, 'Y', NULL, NULL),
(2, 'Y', NULL, NULL),
(3, 'Y', NULL, NULL),
(4, 'Y', NULL, NULL),
(5, 'Y', NULL, NULL),
(6, 'Y', NULL, NULL),
(7, 'Y', NULL, NULL),
(8, 'Y', NULL, NULL),
(9, 'Y', NULL, NULL),
(10, 'Y', NULL, NULL),
(11, 'Y', NULL, NULL),
(12, 'Y', NULL, NULL),
(13, 'Y', NULL, NULL),
(14, 'Y', NULL, NULL),
(15, 'Y', NULL, NULL),
(16, 'Y', NULL, NULL),
(17, 'Y', NULL, NULL),
(18, 'Y', NULL, NULL),
(19, 'Y', NULL, NULL),
(20, 'Y', NULL, NULL),
(21, 'Y', NULL, NULL),
(22, 'Y', NULL, NULL),
(23, 'Y', NULL, NULL),
(24, 'Y', NULL, NULL),
(25, 'Y', NULL, NULL),
(26, 'Y', NULL, NULL),
(27, 'Y', NULL, NULL),
(28, 'Y', NULL, NULL),
(29, 'Y', NULL, NULL),
(30, 'Y', NULL, NULL),
(31, 'Y', NULL, NULL),
(32, 'Y', NULL, NULL),
(33, 'Y', NULL, NULL),
(34, 'Y', NULL, NULL),
(35, 'Y', NULL, NULL),
(36, 'Y', NULL, NULL),
(37, 'Y', NULL, NULL),
(38, 'Y', NULL, NULL),
(39, 'Y', NULL, NULL),
(40, '', NULL, NULL),
(41, 'Y', NULL, NULL),
(42, 'Y', NULL, NULL),
(43, 'Y', NULL, NULL),
(44, 'Y', NULL, NULL),
(45, 'Y', NULL, NULL),
(46, 'Y', NULL, NULL),
(47, 'Y', NULL, NULL),
(48, 'Y', NULL, NULL),
(49, 'Y', NULL, NULL),
(50, 'Y', NULL, NULL),
(51, 'Y', NULL, NULL),
(52, 'Y', NULL, NULL),
(53, 'Y', NULL, NULL),
(54, 'Y', NULL, NULL),
(55, 'Y', NULL, NULL),
(56, 'Y', NULL, NULL),
(57, 'Y', NULL, NULL),
(58, 'Y', NULL, NULL),
(59, 'Y', NULL, NULL),
(60, 'Y', NULL, NULL),
(61, 'Y', NULL, NULL),
(62, 'Y', NULL, NULL),
(63, 'Y', NULL, NULL),
(64, 'Y', NULL, NULL),
(65, 'Y', NULL, NULL),
(66, 'Y', NULL, NULL),
(67, 'Y', NULL, NULL),
(68, 'Y', NULL, NULL),
(69, 'Y', NULL, NULL),
(70, 'Y', NULL, NULL),
(71, 'Y', NULL, NULL),
(72, 'Y', NULL, NULL),
(73, 'Y', NULL, NULL),
(74, 'Y', NULL, NULL),
(75, 'Y', NULL, NULL),
(76, 'Y', NULL, NULL),
(77, 'Y', NULL, NULL),
(78, 'Y', NULL, NULL),
(79, 'Y', NULL, NULL),
(80, 'Y', NULL, NULL),
(81, 'Y', NULL, NULL),
(82, 'Y', NULL, NULL),
(83, 'Y', NULL, NULL),
(84, 'Y', NULL, NULL),
(85, 'Y', NULL, NULL),
(86, 'Y', NULL, NULL),
(87, 'Y', NULL, NULL),
(88, 'Y', NULL, NULL),
(89, 'Y', NULL, NULL),
(90, 'Y', NULL, NULL),
(91, 'Y', NULL, NULL),
(92, 'Y', NULL, NULL),
(93, 'Y', NULL, NULL),
(94, 'Y', NULL, NULL),
(95, 'Y', NULL, NULL),
(96, 'Y', NULL, NULL),
(97, 'Y', NULL, NULL),
(98, 'Y', NULL, NULL),
(99, 'Y', NULL, NULL),
(100, 'Y', NULL, NULL),
(101, 'Y', NULL, NULL),
(102, 'Y', NULL, NULL),
(103, 'Y', NULL, NULL),
(104, 'Y', NULL, NULL),
(105, 'Y', NULL, NULL),
(106, 'Y', NULL, NULL),
(107, 'Y', NULL, NULL),
(108, 'Y', NULL, NULL),
(109, 'Y', NULL, NULL),
(110, 'Y', NULL, NULL),
(111, 'Y', NULL, NULL),
(112, 'Y', NULL, NULL),
(113, 'Y', NULL, NULL),
(114, 'Y', NULL, NULL),
(115, 'Y', NULL, NULL),
(116, 'Y', NULL, NULL),
(117, 'Y', NULL, NULL),
(118, 'Y', NULL, NULL),
(119, 'Y', NULL, NULL),
(120, 'Y', NULL, NULL),
(121, 'Y', NULL, NULL),
(122, 'Y', NULL, NULL),
(123, 'Y', NULL, NULL),
(124, 'Y', NULL, NULL),
(125, 'Y', NULL, NULL),
(126, 'Y', NULL, NULL),
(127, 'Y', NULL, NULL),
(128, 'Y', NULL, NULL),
(129, 'Y', NULL, NULL),
(130, 'Y', NULL, NULL),
(131, 'Y', NULL, NULL),
(132, 'Y', NULL, NULL),
(133, 'Y', NULL, NULL),
(134, 'Y', NULL, NULL),
(135, 'Y', NULL, NULL),
(136, 'Y', NULL, NULL),
(137, 'Y', NULL, NULL),
(138, 'Y', NULL, NULL),
(139, 'Y', NULL, NULL),
(140, 'Y', NULL, NULL),
(141, 'Y', NULL, NULL),
(142, 'Y', NULL, NULL),
(143, 'Y', NULL, NULL),
(144, 'Y', NULL, NULL),
(145, 'Y', NULL, NULL),
(146, 'Y', NULL, NULL),
(147, 'Y', NULL, NULL),
(148, 'Y', NULL, NULL),
(149, 'Y', NULL, NULL),
(150, 'Y', NULL, NULL),
(151, 'Y', NULL, NULL),
(152, 'Y', NULL, NULL),
(153, 'Y', NULL, NULL),
(154, 'Y', NULL, NULL),
(155, 'Y', NULL, NULL),
(156, 'Y', NULL, NULL),
(157, 'Y', NULL, NULL),
(158, 'Y', NULL, NULL),
(159, 'Y', NULL, NULL),
(160, 'Y', NULL, NULL),
(161, 'Y', NULL, NULL),
(162, 'Y', NULL, NULL),
(163, 'Y', NULL, NULL),
(164, 'N', NULL, NULL),
(165, '', NULL, NULL),
(166, '', NULL, NULL),
(167, '', NULL, NULL),
(168, 'Y', NULL, NULL),
(169, 'Y', NULL, NULL),
(170, 'Y', NULL, NULL),
(171, '', NULL, NULL),
(172, '', NULL, NULL),
(173, '', NULL, NULL),
(174, '', NULL, NULL),
(175, '.', NULL, NULL),
(176, 'Y', NULL, NULL),
(177, '', NULL, NULL),
(178, '', NULL, NULL),
(179, '', NULL, NULL),
(180, '', NULL, NULL),
(181, 'Y', NULL, NULL),
(182, '', NULL, NULL),
(183, '.', NULL, NULL),
(184, '.', NULL, NULL),
(185, '.', NULL, NULL),
(186, '.', NULL, NULL),
(187, '', NULL, NULL),
(188, '.', NULL, NULL),
(189, '.', NULL, NULL),
(190, '.', NULL, NULL),
(191, '', NULL, NULL),
(192, '', NULL, NULL),
(193, '', NULL, NULL),
(194, '', NULL, NULL),
(195, '', NULL, NULL),
(196, '', NULL, NULL),
(197, '.', NULL, NULL),
(198, '.', NULL, NULL),
(199, '.', NULL, NULL),
(200, '', NULL, NULL),
(201, '', NULL, NULL),
(202, '', NULL, NULL),
(203, '', NULL, NULL),
(204, '', NULL, NULL),
(205, '', NULL, NULL),
(206, '', NULL, NULL),
(207, '', NULL, NULL),
(208, '', NULL, NULL),
(209, 'Y', NULL, NULL),
(210, '', NULL, NULL),
(211, '', NULL, NULL),
(212, '', NULL, NULL),
(213, '', NULL, NULL),
(214, '', NULL, NULL),
(215, '', NULL, NULL),
(216, '', NULL, NULL),
(217, '', NULL, NULL),
(218, '', NULL, NULL),
(219, '', NULL, NULL),
(220, '', NULL, NULL),
(221, '', NULL, NULL),
(222, 'Y', NULL, NULL),
(223, 'Y', NULL, NULL),
(224, '', NULL, NULL),
(225, '', NULL, NULL),
(226, '', NULL, NULL),
(227, '', NULL, NULL),
(228, '', NULL, NULL),
(229, '', NULL, NULL),
(230, 'Y', NULL, NULL),
(231, 'Y', NULL, NULL),
(232, '', NULL, NULL),
(233, '', NULL, NULL),
(234, 'Y', NULL, NULL),
(235, '', NULL, NULL),
(236, 'Y', NULL, NULL),
(237, 'Y', NULL, NULL),
(238, 'Y', NULL, NULL),
(239, '', NULL, NULL),
(240, 'Y', NULL, NULL);

-- --------------------------------------------------------

--
-- Table structure for table `migrations`
--

CREATE TABLE IF NOT EXISTS `migrations` (
  `id` int(10) UNSIGNED NOT NULL,
  `migration` varchar(191) COLLATE utf8mb4_unicode_ci NOT NULL,
  `batch` int(11) NOT NULL
) ENGINE=InnoDB DEFAULT CHARSET=utf8mb4 COLLATE=utf8mb4_unicode_ci;

--
-- Dumping data for table `migrations`
--

INSERT INTO `migrations` (`id`, `migration`, `batch`) VALUES
(1, '2014_10_12_000000_create_users_table', 1),
(2, '2014_10_12_100000_create_password_resets_table', 1),
(3, '2017_10_17_002204_create_stores_table', 1),
(4, '2017_10_17_002858_create_addresses_table', 1),
(5, '2017_10_17_002932_create_sites_table', 1),
(6, '2017_10_17_003108_create_cfsFlags_table', 1);

-- --------------------------------------------------------

--
-- Table structure for table `password_resets`
--

CREATE TABLE IF NOT EXISTS `password_resets` (
  `email` varchar(191) COLLATE utf8mb4_unicode_ci NOT NULL,
  `token` varchar(191) COLLATE utf8mb4_unicode_ci NOT NULL,
  `created_at` timestamp NULL DEFAULT NULL
) ENGINE=InnoDB DEFAULT CHARSET=utf8mb4 COLLATE=utf8mb4_unicode_ci;

-- --------------------------------------------------------

--
-- Table structure for table `sites`
--

CREATE TABLE IF NOT EXISTS `sites` (
  `id` int(10) UNSIGNED NOT NULL,
  `site` varchar(191) COLLATE utf8mb4_unicode_ci NOT NULL,
  `phoneNumber` varchar(191) COLLATE utf8mb4_unicode_ci NOT NULL,
  `created_at` timestamp NULL DEFAULT NULL,
  `updated_at` timestamp NULL DEFAULT NULL
) ENGINE=InnoDB DEFAULT CHARSET=utf8mb4 COLLATE=utf8mb4_unicode_ci;

--
-- Dumping data for table `sites`
--

INSERT INTO `sites` (`id`, `site`, `phoneNumber`, `created_at`, `updated_at`) VALUES
(1, 'IE', '01 4685783', NULL, NULL),
(2, 'GB', '0844 561 6161', NULL, NULL),
(3, 'GB', '0844 561 6161', NULL, NULL),
(4, 'GB', '0844 561 6161', NULL, NULL),
(5, 'GB', '0844 561 6161', NULL, NULL),
(6, 'GB', '0844 561 6161', NULL, NULL),
(7, 'GB', '0844 561 6161', NULL, NULL),
(8, 'GB', '0844 561 6161', NULL, NULL),
(9, 'GB', '0844 561 6161', NULL, NULL),
(10, 'GB', '0844 561 6161', NULL, NULL),
(11, 'GB', '0844 561 6161', NULL, NULL),
(12, 'GB', '0844 561 6161', NULL, NULL),
(13, 'GB', '0844 561 6161', NULL, NULL),
(14, 'GB', '0844 561 6161', NULL, NULL),
(15, 'GB', '0844 561 6161', NULL, NULL),
(16, 'GB', '0844 561 6161', NULL, NULL),
(17, 'GB', '0844 561 6161', NULL, NULL),
(18, 'GB', '0844 561 6161', NULL, NULL),
(19, 'GB', '0844 561 6161', NULL, NULL),
(20, 'GB', '0844 561 6161', NULL, NULL),
(21, 'GB', '0844 561 6161', NULL, NULL),
(22, 'GB', '0844 561 6161', NULL, NULL),
(23, 'GB', '0844 561 6161', NULL, NULL),
(24, 'GB', '0844 561 6161', NULL, NULL),
(25, 'GB', '0844 561 6161', NULL, NULL),
(26, 'GB', '0844 561 6161', NULL, NULL),
(27, 'GB', '0844 561 6161', NULL, NULL),
(28, 'GB', '0844 561 6161', NULL, NULL),
(29, 'GB', '0844 561 6161', NULL, NULL),
(30, 'GB', '0844 561 6161', NULL, NULL),
(31, 'GB', '0844 561 6161', NULL, NULL),
(32, 'GB', '0844 561 6161', NULL, NULL),
(33, 'GB', '0844 561 6161', NULL, NULL),
(34, 'GB', '0844 561 6161', NULL, NULL),
(35, 'GB', '0844 561 6161', NULL, NULL),
(36, 'GB', '0844 561 6161', NULL, NULL),
(37, 'GB', '0844 561 6161', NULL, NULL),
(38, 'GB', '0844 561 6161', NULL, NULL),
(39, 'GB', '0844 561 6161', NULL, NULL),
(40, 'PH', '', NULL, NULL),
(41, 'GB', '0844 561 6161', NULL, NULL),
(42, 'GB', '0844 561 6161', NULL, NULL),
(43, 'GB', '0844 561 6161', NULL, NULL),
(44, 'GB', '0844 561 6161', NULL, NULL),
(45, 'GB', '0844 561 6161', NULL, NULL),
(46, 'GB', '0844 561 6161', NULL, NULL),
(47, 'GB', '0844 561 6161', NULL, NULL),
(48, 'GB', '0844 561 6161', NULL, NULL),
(49, 'GB', '0844 561 6161', NULL, NULL),
(50, 'GB', '0844 561 6161', NULL, NULL),
(51, 'GB', '0844 561 6161', NULL, NULL),
(52, 'GB', '0844 561 6161', NULL, NULL),
(53, 'GB', '0844 561 6161', NULL, NULL),
(54, 'GB', '0844 561 6161', NULL, NULL),
(55, 'GB', '0844 561 6161', NULL, NULL),
(56, 'GB', '0844 561 6161', NULL, NULL),
(57, 'GB', '0844 561 6161', NULL, NULL),
(58, 'GB', '0844 561 6161', NULL, NULL),
(59, 'GB', '0844 561 6161', NULL, NULL),
(60, 'GB', '0844 561 6161', NULL, NULL),
(61, 'GB', '0844 561 6161', NULL, NULL),
(62, 'GB', '0844 561 6161', NULL, NULL),
(63, 'GB', '0844 561 6161', NULL, NULL),
(64, 'GB', '0844 561 6161', NULL, NULL),
(65, 'GB', '0844 561 6161', NULL, NULL),
(66, 'GB', '0844 561 6161', NULL, NULL),
(67, 'GB', '0844 561 6161', NULL, NULL),
(68, 'GB', '0844 561 6161', NULL, NULL),
(69, 'GB', '0844 561 6161', NULL, NULL),
(70, 'GB', '0844 561 6161', NULL, NULL),
(71, 'GB', '0844 561 6161', NULL, NULL),
(72, 'GB', '0844 561 6161', NULL, NULL),
(73, 'GB', '0844 561 6161', NULL, NULL),
(74, 'GB', '0844 561 6161', NULL, NULL),
(75, 'GB', '0844 561 6161', NULL, NULL),
(76, 'GB', '0844 561 6161', NULL, NULL),
(77, 'GB', '0844 561 6161', NULL, NULL),
(78, 'GB', '0844 561 6161', NULL, NULL),
(79, 'GB', '0844 561 6161', NULL, NULL),
(80, 'GB', '0844 561 6161', NULL, NULL),
(81, 'GB', '0844 561 6161', NULL, NULL),
(82, 'GB', '0844 561 6161', NULL, NULL),
(83, 'GB', '0844 561 6161', NULL, NULL),
(84, 'GB', '0844 561 6161', NULL, NULL),
(85, 'GB', '0844 561 6161', NULL, NULL),
(86, 'GB', '0844 561 6161', NULL, NULL),
(87, 'GB', '0844 561 6161', NULL, NULL),
(88, 'GB', '0844 561 6161', NULL, NULL),
(89, 'GB', '0844 561 6161', NULL, NULL),
(90, 'GB', '0844 561 6161', NULL, NULL),
(91, 'GB', '0844 561 6161', NULL, NULL),
(92, 'GB', '0844 561 6161', NULL, NULL),
(93, 'GB', '0844 561 6161', NULL, NULL),
(94, 'GB', '0844 561 6161', NULL, NULL),
(95, 'GB', '0844 561 6161', NULL, NULL),
(96, 'GB', '0844 561 6161', NULL, NULL),
(97, 'GB', '0844 561 6161', NULL, NULL),
(98, 'GB', '0844 561 6161', NULL, NULL),
(99, 'GB', '0844 561 6161', NULL, NULL),
(100, 'GB', '0844 561 6161', NULL, NULL),
(101, 'GB', '0844 561 6161', NULL, NULL),
(102, 'GB', '0844 561 6161', NULL, NULL),
(103, 'GB', '0844 561 6161', NULL, NULL),
(104, 'GB', '0844 561 6161', NULL, NULL),
(105, 'GB', '0844 561 6161', NULL, NULL),
(106, 'GB', '0844 561 6161', NULL, NULL),
(107, 'GB', '0844 561 6161', NULL, NULL),
(108, 'GB', '0844 561 6161', NULL, NULL),
(109, 'GB', '0844 561 6161', NULL, NULL),
(110, 'GB', '0844 561 6161', NULL, NULL),
(111, 'GB', '0844 561 6161', NULL, NULL),
(112, 'GB', '0844 561 6161', NULL, NULL),
(113, 'GB', '0844 561 6161', NULL, NULL),
(114, 'GB', '0844 561 6161', NULL, NULL),
(115, 'GB', '0844 561 6161', NULL, NULL),
(116, 'GB', '0844 561 6161', NULL, NULL),
(117, 'GB', '0844 561 6161', NULL, NULL),
(118, 'GB', '0844 561 6161', NULL, NULL),
(119, 'GB', '0844 561 6161', NULL, NULL),
(120, 'GB', '0844 561 6161', NULL, NULL),
(121, 'GB', '0844 561 6161', NULL, NULL),
(122, 'GB', '0844 561 6161', NULL, NULL),
(123, 'GB', '0844 561 6161', NULL, NULL),
(124, 'GB', '0844 561 6161', NULL, NULL),
(125, 'GB', '0844 561 6161', NULL, NULL),
(126, 'GB', '0844 561 6161', NULL, NULL),
(127, 'GB', '0844 561 6161', NULL, NULL),
(128, 'GB', '0844 561 6161', NULL, NULL),
(129, 'GB', '0844 561 6161', NULL, NULL),
(130, 'GB', '0844 561 6161', NULL, NULL),
(131, 'GB', '0844 561 6161', NULL, NULL),
(132, 'GB', '0844 561 6161', NULL, NULL),
(133, 'GB', '0844 561 6161', NULL, NULL),
(134, 'GB', '0844 561 6161', NULL, NULL),
(135, 'GB', '0844 561 6161', NULL, NULL),
(136, 'GB', '0844 561 6161', NULL, NULL),
(137, 'GB', '0844 561 6161', NULL, NULL),
(138, 'GB', '0844 561 6161', NULL, NULL),
(139, 'GB', '0844 561 6161', NULL, NULL),
(140, 'GB', '0844 561 6161', NULL, NULL),
(141, 'IE', '1890 946 779', NULL, NULL),
(142, 'GB', '0844 561 6161', NULL, NULL),
(143, 'IE', '1890 946 779', NULL, NULL),
(144, 'IE', '1890 946 779', NULL, NULL),
(145, 'IE', '1890 946 779', NULL, NULL),
(146, 'IE', '1890 946 779', NULL, NULL),
(147, 'GB', '0844 561 6161', NULL, NULL),
(148, 'IE', '1890 946 779', NULL, NULL),
(149, 'GB', '0844 561 6161', NULL, NULL),
(150, 'GB', '0844 561 6161', NULL, NULL),
(151, 'GB', '0844 561 6161', NULL, NULL),
(152, 'IE', '1890 946 779', NULL, NULL),
(153, 'IE', '1890 946 779', NULL, NULL),
(154, 'IE', '1890 946 779', NULL, NULL),
(155, 'IE', '1890 946 779', NULL, NULL),
(156, 'GB', '0844 561 6161', NULL, NULL),
(157, 'GB', '0844 561 6161', NULL, NULL),
(158, 'GB', '0844 561 6161', NULL, NULL),
(159, 'GB', '0844 561 6161', NULL, NULL),
(160, 'GB', '0844 561 6161', NULL, NULL),
(161, 'GB', '0844 561 6161', NULL, NULL),
(162, 'GB', '0844 561 6161', NULL, NULL),
(163, 'GB', '0844 561 6161', NULL, NULL),
(164, 'AE', '0844 561 6161', NULL, NULL),
(165, 'ID', '', NULL, NULL),
(166, 'PH', '', NULL, NULL),
(167, 'RU', '', NULL, NULL),
(168, 'GB', '0844 561 6161', NULL, NULL),
(169, 'GB', '0844 561 6161', NULL, NULL),
(170, 'GB', '0844 561 6161', NULL, NULL),
(171, '', '', NULL, NULL),
(172, '.', '', NULL, NULL),
(173, '', '', NULL, NULL),
(174, 'PH', '', NULL, NULL),
(175, 'IR', '.', NULL, NULL),
(176, 'GB', '0844 561 6161', NULL, NULL),
(177, 'LV', '', NULL, NULL),
(178, 'MY', '', NULL, NULL),
(179, 'KS', '', NULL, NULL),
(180, 'BG', '', NULL, NULL),
(181, 'GB', '0844 561 6161', NULL, NULL),
(182, 'KW', '', NULL, NULL),
(183, 'CY', '.', NULL, NULL),
(184, '.', '.', NULL, NULL),
(185, 'CY', '.', NULL, NULL),
(186, 'CY', '.', NULL, NULL),
(187, 'CY', '', NULL, NULL),
(188, 'CY', '.', NULL, NULL),
(189, 'CY', '.', NULL, NULL),
(190, 'CY', '.', NULL, NULL),
(191, 'SA', '', NULL, NULL),
(192, 'BH', '', NULL, NULL),
(193, '', '', NULL, NULL),
(194, '', '', NULL, NULL),
(195, 'UA', '', NULL, NULL),
(196, 'ID', '', NULL, NULL),
(197, '.', '.', NULL, NULL),
(198, '.', '.', NULL, NULL),
(199, '.', '.', NULL, NULL),
(200, 'JO', '', NULL, NULL),
(201, '', '', NULL, NULL),
(202, 'KW', '', NULL, NULL),
(203, 'MY', '', NULL, NULL),
(204, '', '', NULL, NULL),
(205, 'PH', '', NULL, NULL),
(206, '', '', NULL, NULL),
(207, 'PH', '', NULL, NULL),
(208, 'QA', '', NULL, NULL),
(209, 'GB', '0844 561 6161', NULL, NULL),
(210, 'SA', '', NULL, NULL),
(211, 'SA', '00966595044699', NULL, NULL),
(212, 'RO', '', NULL, NULL),
(213, 'SA', '', NULL, NULL),
(214, 'SA', '', NULL, NULL),
(215, 'SA', '', NULL, NULL),
(216, '', '', NULL, NULL),
(217, '', '', NULL, NULL),
(218, '', '', NULL, NULL),
(219, 'LY', '', NULL, NULL),
(220, 'EE', '', NULL, NULL),
(221, 'MY', '', NULL, NULL),
(222, 'GB', '08445 616161', NULL, NULL),
(223, 'GB', '0844 561 6161', NULL, NULL),
(224, 'SA', '', NULL, NULL),
(225, '', '0097144190231', NULL, NULL),
(226, '', '0097144190397', NULL, NULL),
(227, 'AE', '0097144190472', NULL, NULL),
(228, 'KW', '', NULL, NULL),
(229, 'TR', '', NULL, NULL),
(230, 'GB', '0844 561 6161', NULL, NULL),
(231, 'GB', '0844 561 6161', NULL, NULL),
(232, 'EG', '', NULL, NULL),
(233, 'RU', '', NULL, NULL),
(234, 'GB', '0844 561 6161', NULL, NULL),
(235, 'IR', '', NULL, NULL),
(236, 'GB', '0844 561 6161', NULL, NULL),
(237, 'GB', '0844 561 6161', NULL, NULL),
(238, 'GB', '0844 561 6161', NULL, NULL),
(239, 'RO', '', NULL, NULL),
(240, 'GB', 'n/a', NULL, NULL);

-- --------------------------------------------------------

--
-- Table structure for table `stores`
--

CREATE TABLE IF NOT EXISTS `stores` (
  `id` int(10) UNSIGNED NOT NULL,
  `storeNumber` int(11) NOT NULL,
  `storeName` varchar(191) COLLATE utf8mb4_unicode_ci NOT NULL,
  `addresses_id` int(10) UNSIGNED NOT NULL,
  `site_id` int(10) UNSIGNED NOT NULL,
  `lat` double(8,2) NOT NULL,
  `lon` double(8,2) NOT NULL,
  `cfsFlag_id` int(10) UNSIGNED NOT NULL,
  `created_at` timestamp NULL DEFAULT NULL,
  `updated_at` timestamp NULL DEFAULT NULL
) ENGINE=InnoDB DEFAULT CHARSET=utf8mb4 COLLATE=utf8mb4_unicode_ci;

--
-- Dumping data for table `stores`
--

INSERT INTO `stores` (`id`, `storeNumber`, `storeName`, `addresses_id`, `site_id`, `lat`, `lon`, `cfsFlag_id`, `created_at`, `updated_at`) VALUES
(1, 214, 'Dublin - Tallaght', 1, 1, 53.29, -6.37, 1, NULL, NULL),
(2, 225, 'Salisbury', 2, 2, 51.07, -1.80, 2, NULL, NULL),
(3, 182, 'Farnborough', 3, 3, 51.29, -0.75, 3, NULL, NULL),
(4, 206, 'Eltham', 4, 4, 51.45, 0.06, 4, NULL, NULL),
(5, 137, 'Great Yarmouth', 5, 5, 52.61, 1.73, 5, NULL, NULL),
(6, 72, 'Chatham', 6, 6, 51.38, 0.53, 6, NULL, NULL),
(7, 102, 'Bedford', 7, 7, 52.14, -0.47, 7, NULL, NULL),
(8, 140, 'Southsea', 8, 8, 50.79, -1.09, 8, NULL, NULL),
(9, 64, 'Birmingham Fort - Desire', 9, 9, 52.51, -1.82, 9, NULL, NULL),
(10, 101, 'Silverburn', 10, 10, 55.82, -4.34, 10, NULL, NULL),
(11, 230, 'Mansfield', 11, 11, 53.15, -1.20, 11, NULL, NULL),
(12, 241, 'Nuneaton', 12, 12, 52.52, -1.47, 12, NULL, NULL),
(13, 158, 'Winchester', 13, 13, 51.06, -1.32, 13, NULL, NULL),
(14, 251, 'Walsall', 14, 14, 52.58, -1.98, 14, NULL, NULL),
(15, 65, 'Witney - Desire', 15, 15, 51.79, -1.49, 15, NULL, NULL),
(16, 297, 'Workington', 16, 16, 54.64, -3.54, 16, NULL, NULL),
(17, 180, 'Gravesend', 17, 17, 51.44, 0.37, 17, NULL, NULL),
(18, 266, 'Kings Lynn', 18, 18, 52.75, 0.40, 18, NULL, NULL),
(19, 68, 'Redditch', 19, 19, 52.31, -1.94, 19, NULL, NULL),
(20, 265, 'Colchester', 20, 20, 51.89, 0.90, 20, NULL, NULL),
(21, 124, 'Folkestone', 21, 21, 51.08, 1.18, 21, NULL, NULL),
(22, 97, 'Northampton', 22, 22, 52.24, -0.90, 22, NULL, NULL),
(23, 41, 'Oldham', 23, 23, 53.54, -2.12, 23, NULL, NULL),
(24, 280, 'Stockport', 24, 24, 53.41, -2.16, 24, NULL, NULL),
(25, 128, 'Worcester', 25, 25, 52.19, -2.22, 25, NULL, NULL),
(26, 260, 'Ipswich', 26, 26, 52.06, 1.15, 26, NULL, NULL),
(27, 244, 'Stratford', 27, 27, 52.19, -1.71, 27, NULL, NULL),
(28, 291, 'Middlesbrough', 28, 28, 54.58, -1.24, 28, NULL, NULL),
(29, 262, 'Norwich', 29, 29, 52.63, 1.29, 29, NULL, NULL),
(30, 82, 'Portsmouth', 30, 30, 50.80, -1.09, 30, NULL, NULL),
(31, 358, 'Scarborough', 31, 31, 54.28, -0.40, 31, NULL, NULL),
(32, 183, 'Kidderminster', 32, 32, 52.39, -2.25, 32, NULL, NULL),
(33, 395, 'Lincoln', 33, 33, 53.23, -0.54, 33, NULL, NULL),
(34, 129, 'Derby', 34, 34, 52.92, -1.47, 34, NULL, NULL),
(35, 160, 'Bury St Edmunds', 35, 35, 52.25, 0.71, 35, NULL, NULL),
(36, 371, 'Coventry', 36, 36, 52.41, -1.51, 36, NULL, NULL),
(37, 263, 'Chelmsford', 37, 37, 51.73, 0.47, 37, NULL, NULL),
(38, 228, 'Doncaster', 38, 38, 53.52, -1.14, 38, NULL, NULL),
(39, 136, 'Bury', 39, 39, 53.59, -2.29, 39, NULL, NULL),
(40, 801, 'Philippines - Manila - ECC', 40, 40, 14.58, 121.06, 40, NULL, NULL),
(41, 127, 'Torquay', 41, 41, 50.46, -3.52, 41, NULL, NULL),
(42, 261, 'Romford', 42, 42, 51.58, 0.18, 42, NULL, NULL),
(43, 47, 'Banbury', 43, 43, 52.06, -1.33, 43, NULL, NULL),
(44, 235, 'Swindon', 44, 44, 51.56, -1.78, 44, NULL, NULL),
(45, 171, 'Taunton', 45, 45, 51.02, -3.10, 45, NULL, NULL),
(46, 79, 'Truro - Desire', 46, 46, 50.26, -5.05, 46, NULL, NULL),
(47, 143, 'Worthing', 47, 47, 50.81, -0.37, 47, NULL, NULL),
(48, 120, 'Bournemouth', 48, 48, 50.72, -1.88, 48, NULL, NULL),
(49, 200, 'Exeter', 49, 49, 50.72, -3.53, 49, NULL, NULL),
(50, 111, 'Hull', 50, 50, 53.75, -0.34, 50, NULL, NULL),
(51, 122, 'Eastbourne', 51, 51, 50.77, 0.29, 51, NULL, NULL),
(52, 151, 'Hastings', 52, 52, 50.86, 0.58, 52, NULL, NULL),
(53, 222, 'Plymouth', 53, 53, 50.37, -4.14, 53, NULL, NULL),
(54, 209, 'Telford', 54, 54, 52.68, -2.45, 54, NULL, NULL),
(55, 71, 'Basildon', 55, 55, 51.57, 0.46, 55, NULL, NULL),
(56, 277, 'Sheffield', 56, 56, 53.38, -1.47, 56, NULL, NULL),
(57, 210, 'Cambridge', 57, 57, 52.21, 0.13, 57, NULL, NULL),
(58, 359, 'Leicester', 58, 58, 52.64, -1.13, 58, NULL, NULL),
(59, 234, 'Aberdeen', 59, 59, 57.15, -2.10, 59, NULL, NULL),
(60, 290, 'Stockton', 60, 60, 54.57, -1.31, 60, NULL, NULL),
(61, 279, 'Harrogate', 61, 61, 53.99, -1.54, 61, NULL, NULL),
(62, 114, 'York', 62, 62, 53.96, -1.08, 62, NULL, NULL),
(63, 98, 'Ashford', 63, 63, 51.15, 0.87, 63, NULL, NULL),
(64, 92, 'Altrincham', 64, 64, 53.39, -2.35, 64, NULL, NULL),
(65, 233, 'Blackburn', 65, 65, 53.75, -2.48, 65, NULL, NULL),
(66, 204, 'Canterbury', 66, 66, 51.28, 1.08, 66, NULL, NULL),
(67, 216, 'Warrington', 67, 67, 53.39, -2.60, 67, NULL, NULL),
(68, 289, 'Preston', 68, 68, 53.76, -2.71, 68, NULL, NULL),
(69, 245, 'Luton', 69, 69, 51.88, -0.41, 69, NULL, NULL),
(70, 383, 'Brighton', 70, 70, 50.82, -0.15, 70, NULL, NULL),
(71, 152, 'Newcastle', 71, 71, 54.97, -1.62, 71, NULL, NULL),
(72, 108, 'Nottingham', 72, 72, 52.95, -1.15, 72, NULL, NULL),
(73, 55, 'Hanley', 73, 73, 53.03, -2.18, 73, NULL, NULL),
(74, 104, 'Ayr', 74, 74, 55.46, -4.63, 74, NULL, NULL),
(75, 42, 'Crawley', 75, 75, 51.11, -0.18, 75, NULL, NULL),
(76, 51, 'Hemel Hempstead', 76, 76, 51.75, -0.47, 76, NULL, NULL),
(77, 240, 'Wigan', 77, 77, 53.55, -2.63, 77, NULL, NULL),
(78, 164, 'Guildford', 78, 78, 51.23, -0.58, 78, NULL, NULL),
(79, 74, 'Uxbridge', 79, 79, 51.55, -0.47, 79, NULL, NULL),
(80, 392, 'Bromley', 80, 80, 51.40, 0.02, 80, NULL, NULL),
(81, 135, 'Wrexham', 81, 81, 53.04, -2.99, 81, NULL, NULL),
(82, 107, 'Bath', 82, 82, 51.38, -2.36, 82, NULL, NULL),
(83, 59, 'Merthyr Tydfil - Desire', 83, 83, 51.75, -3.39, 83, NULL, NULL),
(84, 70, 'Basingstoke', 84, 84, 51.26, -1.09, 84, NULL, NULL),
(85, 78, 'Orpington - Desire', 85, 85, 51.39, 0.11, 85, NULL, NULL),
(86, 376, 'Merry Hill', 86, 86, 52.48, -2.11, 86, NULL, NULL),
(87, 58, 'Falkirk - Desire', 87, 87, 56.00, -3.79, 87, NULL, NULL),
(88, 45, 'Barrow', 88, 88, 54.11, -3.23, 88, NULL, NULL),
(89, 284, 'Perth', 89, 89, 56.40, -3.43, 89, NULL, NULL),
(90, 115, 'Chester - Browns of Chester', 90, 90, 53.19, -2.90, 90, NULL, NULL),
(91, 87, 'Southport', 91, 91, 53.65, -3.00, 91, NULL, NULL),
(92, 89, 'South Shields - Desire', 92, 92, 55.00, -1.43, 92, NULL, NULL),
(93, 283, 'Bolton', 93, 93, 53.58, -2.43, 93, NULL, NULL),
(94, 220, 'Gloucester', 94, 94, 51.87, -2.24, 94, NULL, NULL),
(95, 83, 'Slough', 95, 95, 51.51, -0.59, 95, NULL, NULL),
(96, 271, 'Southend', 96, 96, 51.53, 0.72, 96, NULL, NULL),
(97, 169, 'Sunderland', 97, 97, 54.91, -1.38, 97, NULL, NULL),
(98, 48, 'Weymouth', 98, 98, 50.61, -2.46, 98, NULL, NULL),
(99, 69, 'Walton-on-Thames - Desire', 99, 99, 51.39, -0.42, 99, NULL, NULL),
(100, 112, 'Carmarthen', 100, 100, 51.86, -4.31, 100, NULL, NULL),
(101, 142, 'Carlisle', 101, 101, 54.90, -2.93, 101, NULL, NULL),
(102, 187, 'Bangor', 102, 102, 53.23, -4.13, 102, NULL, NULL),
(103, 156, 'Dunfermline', 103, 103, 56.07, -3.46, 103, NULL, NULL),
(104, 205, 'Staines', 104, 104, 51.43, -0.51, 104, NULL, NULL),
(105, 223, 'Blackpool', 105, 105, 53.82, -3.05, 105, NULL, NULL),
(106, 224, 'Bristol', 106, 106, 51.46, -2.59, 106, NULL, NULL),
(107, 221, 'Southampton', 107, 107, 50.90, -1.40, 107, NULL, NULL),
(108, 85, 'Sutton', 108, 108, 51.37, -0.19, 108, NULL, NULL),
(109, 86, 'Woking', 109, 109, 51.32, -0.56, 109, NULL, NULL),
(110, 398, 'Oxford', 110, 110, 51.75, -1.26, 110, NULL, NULL),
(111, 252, 'Swansea', 111, 111, 51.62, -3.95, 111, NULL, NULL),
(112, 109, 'Welwyn Garden City - Desire', 112, 112, 51.80, -0.20, 112, NULL, NULL),
(113, 81, 'Ilford', 113, 113, 51.56, 0.07, 113, NULL, NULL),
(114, 202, 'Harrow', 114, 114, 51.58, -0.33, 114, NULL, NULL),
(115, 259, 'Hounslow', 115, 115, 51.47, -0.36, 115, NULL, NULL),
(116, 173, 'Leeds - Briggate', 116, 116, 53.80, -1.54, 116, NULL, NULL),
(117, 80, 'Clapham Junction', 117, 117, 51.46, -0.17, 117, NULL, NULL),
(118, 354, 'Wimbledon', 118, 118, 51.42, -0.20, 118, NULL, NULL),
(119, 40, 'Broadstairs - Westwood Cross', 119, 119, 51.36, 1.39, 119, NULL, NULL),
(120, 168, 'Cardiff', 120, 120, 51.48, -3.17, 120, NULL, NULL),
(121, 113, 'Llanelli', 121, 121, 51.68, -4.14, 121, NULL, NULL),
(122, 50, 'York Monks Cross - Desire', 122, 122, 53.99, -1.05, 122, NULL, NULL),
(123, 130, 'Liverpool', 123, 123, 53.41, -2.99, 123, NULL, NULL),
(124, 352, 'Sheffield - Meadowhall', 124, 124, 53.41, -1.41, 124, NULL, NULL),
(125, 219, 'Croydon', 125, 125, 51.37, -0.10, 125, NULL, NULL),
(126, 275, 'Manchester', 126, 126, 53.48, -2.24, 126, NULL, NULL),
(127, 66, 'Milton Keynes', 127, 127, 52.04, -0.76, 127, NULL, NULL),
(128, 125, 'Llandudno', 128, 128, 53.32, -3.82, 128, NULL, NULL),
(129, 393, 'Reading', 129, 129, 51.45, -0.97, 129, NULL, NULL),
(130, 53, 'Birmingham', 130, 130, 52.48, -1.90, 130, NULL, NULL),
(131, 52, 'Gateshead - MetroCentre', 131, 131, 54.96, -1.67, 131, NULL, NULL),
(132, 46, 'Leeds - White Rose', 132, 132, 53.76, -1.57, 132, NULL, NULL),
(133, 356, 'Lakeside', 133, 133, 51.49, 0.28, 133, NULL, NULL),
(134, 231, 'Stirling', 134, 134, 56.12, -3.94, 134, NULL, NULL),
(135, 203, 'Dundee', 135, 135, 56.46, -2.97, 135, NULL, NULL),
(136, 172, 'Inverness', 136, 136, 57.48, -4.22, 136, NULL, NULL),
(137, 361, 'East Kilbride', 137, 137, 55.76, -4.18, 137, NULL, NULL),
(138, 162, 'Livingston', 138, 138, 55.88, -3.51, 138, NULL, NULL),
(139, 390, 'Glasgow', 139, 139, 55.86, -4.25, 139, NULL, NULL),
(140, 232, 'Edinburgh', 140, 140, 55.95, -3.20, 140, NULL, NULL),
(141, 227, 'Galway', 141, 141, 53.28, -9.05, 141, NULL, NULL),
(142, 88, 'Leith', 142, 142, 55.98, -3.17, 142, NULL, NULL),
(143, 211, 'Dublin - Henry Street', 143, 143, 53.35, -6.26, 143, NULL, NULL),
(144, 207, 'Newbridge', 144, 144, 53.18, -6.80, 144, NULL, NULL),
(145, 215, 'Dublin - Blanchardstown', 145, 145, 53.39, -6.39, 145, NULL, NULL),
(146, 38, 'Cork - Mahon Point', 146, 146, 51.90, -8.47, 146, NULL, NULL),
(147, 94, 'Kirkcaldy - Desire', 147, 147, 56.11, -3.16, 147, NULL, NULL),
(148, 218, 'Limerick', 148, 148, 52.66, -8.63, 148, NULL, NULL),
(149, 75, 'London - Oxford Street', 149, 149, 51.51, -0.15, 149, NULL, NULL),
(150, 145, 'London - Westfield', 150, 150, 51.51, -0.22, 150, NULL, NULL),
(151, 44, 'Manchester - Trafford Centre', 151, 151, 53.47, -2.35, 151, NULL, NULL),
(152, 226, 'Waterford', 152, 152, 52.26, -7.11, 152, NULL, NULL),
(153, 212, 'Dublin - Blackrock', 153, 153, 53.30, -6.18, 153, NULL, NULL),
(154, 217, 'Cork - Patrick Street', 154, 154, 51.90, -8.47, 154, NULL, NULL),
(155, 229, 'Tralee', 155, 155, 52.26, -9.68, 155, NULL, NULL),
(156, 91, 'Ballymena', 156, 156, 54.87, -6.27, 156, NULL, NULL),
(157, 296, 'Foyleside', 157, 157, 55.00, -7.32, 157, NULL, NULL),
(158, 375, 'Belfast', 158, 158, 54.60, -5.94, 158, NULL, NULL),
(159, 35, 'Newry', 159, 159, 54.17, -6.34, 159, NULL, NULL),
(160, 99, 'Rushmere', 160, 160, 54.45, -6.39, 160, NULL, NULL),
(161, 63, 'Fareham', 161, 161, 50.85, -1.18, 161, NULL, NULL),
(162, 132, 'Wakefield', 162, 162, 53.69, -1.47, 162, NULL, NULL),
(163, 170, 'Newbury Parkway', 163, 163, 51.40, -1.32, 163, NULL, NULL),
(164, 972, 'UAE - Abu Dhabi - Dalma Mall', 164, 164, 24.33, 54.52, 164, NULL, NULL),
(165, 861, 'Indonesia - Jakarta - Kemang Village', 165, 165, -6.26, 106.81, 165, NULL, NULL),
(166, 820, 'Philippines - Manila - Shangri La', 166, 166, 14.58, 121.05, 166, NULL, NULL),
(167, 931, 'Russia - Moscow - Belaya Dacha', 167, 167, 55.65, 37.84, 167, NULL, NULL),
(168, 174, 'Dumfries', 168, 168, 55.07, -3.61, 168, NULL, NULL),
(169, 281, 'Chesterfield', 169, 169, 53.23, -1.43, 169, NULL, NULL),
(170, 264, 'Cheshire Oaks', 170, 170, 53.27, -2.89, 170, NULL, NULL),
(171, 974, 'Armenia – Yerevan', 171, 171, 40.19, 44.52, 171, NULL, NULL),
(172, 857, 'Saudi Arabia - Riyadh - Othaim', 172, 172, 24.60, 46.64, 172, NULL, NULL),
(173, 954, 'Pakistan- Karachi', 173, 173, 24.80, 67.03, 173, NULL, NULL),
(174, 869, 'Philippines – Santa Rosa', 174, 174, 14.29, 121.10, 174, NULL, NULL),
(175, 856, 'Iran – Shiraz - Satarkhan', 175, 175, 29.63, 52.49, 175, NULL, NULL),
(176, 191, 'Hereford', 176, 176, 52.06, -2.72, 176, NULL, NULL),
(177, 836, 'Latvia - Riga - Spice Mall', 177, 177, 56.93, 24.04, 177, NULL, NULL),
(178, 918, 'Malaysia – Kuala Lumpur – Starhill', 178, 178, 3.15, 101.71, 178, NULL, NULL),
(179, 802, 'Malta - Paola', 179, 179, 35.87, 14.51, 179, NULL, NULL),
(180, 926, 'Bulgaria – Sofia', 180, 180, 42.66, 23.30, 180, NULL, NULL),
(181, 243, 'Lichfield', 181, 181, 52.68, -1.82, 181, NULL, NULL),
(182, 853, 'Kuwait - Airport', 182, 182, 29.24, 47.97, 182, NULL, NULL),
(183, 811, 'Cyprus - Engomi', 183, 183, 35.16, 33.32, 183, NULL, NULL),
(184, 813, 'Cyprus - Apollon', 184, 184, 34.69, 33.03, 184, NULL, NULL),
(185, 814, 'Cyprus - Central', 185, 185, 35.17, 33.36, 185, NULL, NULL),
(186, 816, 'Cyprus - Kinyras', 186, 186, 34.76, 32.41, 186, NULL, NULL),
(187, 815, 'Cyprus - Korivos', 187, 187, 34.77, 32.44, 187, NULL, NULL),
(188, 810, 'Cyprus - Mall of Cyprus', 188, 188, 35.13, 33.37, 188, NULL, NULL),
(189, 818, 'Cyprus - Olympia', 189, 189, 34.69, 33.07, 189, NULL, NULL),
(190, 819, 'Cyprus - Zenon', 190, 190, 34.93, 33.62, 190, NULL, NULL),
(191, 833, 'Saudi Arabia - Dammam', 191, 191, 26.40, 50.12, 191, NULL, NULL),
(192, 867, 'Bahrain - City Centre Mall', 192, 192, 26.21, 50.59, 192, NULL, NULL),
(193, 966, 'Egypt - Alexandria', 193, 193, 31.17, 29.93, 193, NULL, NULL),
(194, 863, 'Iceland - Reykjavik', 194, 194, 64.11, -21.91, 194, NULL, NULL),
(195, 821, 'UAE - Abu Dhabi - Yas Island', 195, 195, 24.48, 54.61, 195, NULL, NULL),
(196, 834, 'Indonesia - Jakarta - Senayan City', 196, 196, -6.23, 100.00, 196, NULL, NULL),
(197, 969, 'Iran - Mashhad - Ahmad abad', 197, 197, 36.30, 59.57, 197, NULL, NULL),
(198, 967, 'Iran - Tehran - Jame Jam', 198, 198, 35.71, 51.41, 198, NULL, NULL),
(199, 955, 'Iran - Tehran - Mirdamad', 199, 199, 35.76, 52.43, 199, NULL, NULL),
(200, 886, 'Jordan - Amman', 200, 200, 31.96, 35.95, 200, NULL, NULL),
(201, 904, 'Kuwait - Avenues', 201, 201, 29.33, 48.00, 201, NULL, NULL),
(202, 898, 'Kuwait - Souq Sharq', 202, 202, 29.38, 47.97, 202, NULL, NULL),
(203, 868, 'Malaysia - Kuala Lumpur - The Curve', 203, 203, 3.16, 100.00, 203, NULL, NULL),
(204, 952, 'Malta - Sliema', 204, 204, 35.91, 14.51, 204, NULL, NULL),
(205, 884, 'Philippines - Manila - RCC', 205, 205, 14.56, 100.00, 205, NULL, NULL),
(206, 893, 'Philippines - Manila - Trinoma', 206, 206, 14.66, 100.00, 206, NULL, NULL),
(207, 944, 'Philippines – Davao', 207, 207, 7.10, 125.62, 207, NULL, NULL),
(208, 860, 'Qatar - Doha', 208, 208, 25.33, 51.53, 208, NULL, NULL),
(209, 177, 'Rugby', 209, 209, 52.39, -1.26, 209, NULL, NULL),
(210, 877, 'Saudi Arabia - Jeddah - Ben Homran Centre', 210, 210, 21.55, 39.16, 210, NULL, NULL),
(211, 844, 'Saudi Arabia - Jeddah - Mall Of Arabia', 211, 211, 21.54, 39.17, 211, NULL, NULL),
(212, 930, 'Romania - Bucharest - Bucharesti Mall', 212, 212, 44.42, 26.13, 212, NULL, NULL),
(213, 866, 'Saudi Arabia - Medina', 213, 213, 24.48, 39.58, 213, NULL, NULL),
(214, 879, 'Saudi Arabia - Riyadh - Granada Mall', 214, 214, 24.69, 46.72, 214, NULL, NULL),
(215, 880, 'Saudi Arabia - Riyadh - Sahara Mall', 215, 215, 24.69, 46.72, 215, NULL, NULL),
(216, 971, 'Saudi Arabia - Riyadh Gallery', 216, 216, 24.69, 46.72, 216, NULL, NULL),
(217, 846, 'Turkey - Istanbul', 217, 217, 41.06, 28.99, 217, NULL, NULL),
(218, 907, 'UAE - Abu Dhabi', 218, 218, 24.48, 54.37, 218, NULL, NULL),
(219, 903, 'Libya - Tripoli', 219, 219, 32.86, 13.08, 219, NULL, NULL),
(220, 804, 'Estonia - Tallinn', 220, 220, 59.43, 24.65, 220, NULL, NULL),
(221, 808, 'Malaysia - Penang', 221, 221, 5.43, 100.32, 221, NULL, NULL),
(222, 134, 'Leamington Spa', 222, 222, 52.28, -1.55, 222, NULL, NULL),
(223, 32, 'Haverfordwest', 223, 223, 51.81, -4.96, 223, NULL, NULL),
(224, 803, 'Saudi Arabia - Jeddah - Red Sea Mall', 224, 224, 21.63, 39.11, 224, NULL, NULL),
(225, 894, 'UAE - Dubai Mall', 225, 225, 25.20, 55.28, 225, NULL, NULL),
(226, 889, 'UAE - Dubai DCC', 226, 226, 25.27, 55.30, 226, NULL, NULL),
(227, 891, 'UAE - Dubai Mall Of Emirates', 227, 227, 25.27, 55.31, 227, NULL, NULL),
(228, 838, 'Kuwait - Gate Mall', 228, 228, 29.17, 48.10, 228, NULL, NULL),
(229, 828, 'Turkey - Mall Of Istanbul', 229, 229, 41.06, 28.82, 229, NULL, NULL),
(230, 77, 'Borehamwood', 230, 230, 51.66, -0.28, 230, NULL, NULL),
(231, 36, 'Scunthorpe', 231, 231, 53.59, -0.69, 231, NULL, NULL),
(232, 859, 'Egypt - Cairo - Festival City Mall', 232, 232, 30.02, 31.41, 232, NULL, NULL),
(233, 843, 'Russia - Moscow - Avia Park', 233, 233, 55.79, 37.53, 233, NULL, NULL),
(234, 282, 'Wandsworth', 234, 234, 51.46, -0.19, 234, NULL, NULL),
(235, 841, 'Iran - Isfahan', 235, 235, 32.55, 51.69, 235, NULL, NULL),
(236, 131, 'Beverley', 236, 236, 53.84, -0.42, 236, NULL, NULL),
(237, 176, 'Bradford', 237, 237, 53.79, -1.75, 237, NULL, NULL),
(238, 267, 'Newport', 238, 238, 51.59, -2.99, 238, NULL, NULL),
(239, 940, 'Romania - Bucharest - Plaza Mall', 239, 239, 44.43, 26.03, 239, NULL, NULL),
(240, 325, 'Head Office - Staff Only', 240, 240, 51.53, -0.14, 240, NULL, NULL);

-- --------------------------------------------------------

--
-- Table structure for table `users`
--

CREATE TABLE IF NOT EXISTS `users` (
  `id` int(10) UNSIGNED NOT NULL,
  `name` varchar(191) COLLATE utf8mb4_unicode_ci NOT NULL,
  `email` varchar(191) COLLATE utf8mb4_unicode_ci NOT NULL,
  `password` varchar(191) COLLATE utf8mb4_unicode_ci NOT NULL,
  `remember_token` varchar(100) COLLATE utf8mb4_unicode_ci DEFAULT NULL,
  `created_at` timestamp NULL DEFAULT NULL,
  `updated_at` timestamp NULL DEFAULT NULL
) ENGINE=InnoDB DEFAULT CHARSET=utf8mb4 COLLATE=utf8mb4_unicode_ci;

--
-- Indexes for dumped tables
--

--
-- Indexes for table `addresses`
--
ALTER TABLE `addresses`
  ADD PRIMARY KEY (`id`);

--
-- Indexes for table `cfsflags`
--
ALTER TABLE `cfsflags`
  ADD PRIMARY KEY (`id`);

--
-- Indexes for table `cfs_flags`
--
ALTER TABLE `cfs_flags`
  ADD PRIMARY KEY (`id`);

--
-- Indexes for table `migrations`
--
ALTER TABLE `migrations`
  ADD PRIMARY KEY (`id`);

--
-- Indexes for table `password_resets`
--
ALTER TABLE `password_resets`
  ADD KEY `password_resets_email_index` (`email`);

--
-- Indexes for table `sites`
--
ALTER TABLE `sites`
  ADD PRIMARY KEY (`id`);

--
-- Indexes for table `stores`
--
ALTER TABLE `stores`
  ADD PRIMARY KEY (`id`),
  ADD UNIQUE KEY `stores_storenumber_unique` (`storeNumber`),
  ADD KEY `stores_addresses_id_foreign` (`addresses_id`),
  ADD KEY `stores_site_id_foreign` (`site_id`),
  ADD KEY `stores_cfsflag_id_foreign` (`cfsFlag_id`);

--
-- Indexes for table `users`
--
ALTER TABLE `users`
  ADD PRIMARY KEY (`id`),
  ADD UNIQUE KEY `users_email_unique` (`email`);

--
-- AUTO_INCREMENT for dumped tables
--

--
-- AUTO_INCREMENT for table `addresses`
--
ALTER TABLE `addresses`
  MODIFY `id` int(10) UNSIGNED NOT NULL AUTO_INCREMENT, AUTO_INCREMENT=241;

--
-- AUTO_INCREMENT for table `cfsflags`
--
ALTER TABLE `cfsflags`
  MODIFY `id` int(10) UNSIGNED NOT NULL AUTO_INCREMENT, AUTO_INCREMENT=241;

--
-- AUTO_INCREMENT for table `cfs_flags`
--
ALTER TABLE `cfs_flags`
  MODIFY `id` int(10) UNSIGNED NOT NULL AUTO_INCREMENT, AUTO_INCREMENT=241;

--
-- AUTO_INCREMENT for table `migrations`
--
ALTER TABLE `migrations`
  MODIFY `id` int(10) UNSIGNED NOT NULL AUTO_INCREMENT, AUTO_INCREMENT=7;

--
-- AUTO_INCREMENT for table `sites`
--
ALTER TABLE `sites`
  MODIFY `id` int(10) UNSIGNED NOT NULL AUTO_INCREMENT, AUTO_INCREMENT=241;

--
-- AUTO_INCREMENT for table `stores`
--
ALTER TABLE `stores`
  MODIFY `id` int(10) UNSIGNED NOT NULL AUTO_INCREMENT, AUTO_INCREMENT=241;

--
-- AUTO_INCREMENT for table `users`
--
ALTER TABLE `users`
  MODIFY `id` int(10) UNSIGNED NOT NULL AUTO_INCREMENT;

--
-- Constraints for dumped tables
--

--
-- Constraints for table `stores`
--
ALTER TABLE `stores`
  ADD CONSTRAINT `stores_addresses_id_foreign` FOREIGN KEY (`addresses_id`) REFERENCES `addresses` (`id`) ON DELETE CASCADE,
  ADD CONSTRAINT `stores_cfsflag_id_foreign` FOREIGN KEY (`cfsFlag_id`) REFERENCES `cfsflags` (`id`) ON DELETE CASCADE,
  ADD CONSTRAINT `stores_site_id_foreign` FOREIGN KEY (`site_id`) REFERENCES `sites` (`id`) ON DELETE CASCADE;
COMMIT;

/*!40101 SET CHARACTER_SET_CLIENT=@OLD_CHARACTER_SET_CLIENT */;
/*!40101 SET CHARACTER_SET_RESULTS=@OLD_CHARACTER_SET_RESULTS */;
/*!40101 SET COLLATION_CONNECTION=@OLD_COLLATION_CONNECTION */;
